"X12DICHLORETHDEG.PWY..1.2.dichloroethane.degradation","X3.HYDROXYPHENYLACETATE.DEGRADATION.PWY..4.hydroxyphenylacetate.degradation","AEROBACTINSYN.PWY..aerobactin.biosynthesis","ALLANTOINDEG.PWY..superpathway.of.allantoin.degradation.in.yeast","ARG.POLYAMINE.SYN..superpathway.of.arginine.and.polyamine.biosynthesis","ARGDEG.PWY..superpathway.of.L.arginine..putrescine..and.4.aminobutanoate.degradation","AST.PWY..L.arginine.degradation.II..AST.pathway.","CARNMET.PWY..L.carnitine.degradation.I","CATECHOL.ORTHO.CLEAVAGE.PWY..catechol.degradation.to..beta..ketoadipate","CENTFERM.PWY..pyruvate.fermentation.to.butanoate","COBALSYN.PWY..superpathway.of.adenosylcobalamin.salvage.from.cobinamide.I","COLANSYN.PWY..colanic.acid.building.blocks.biosynthesis","CRNFORCAT.PWY..creatinine.degradation.I","DARABCATK12.PWY..D.arabinose.degradation.I","DENITRIFICATION.PWY..nitrate.reduction.I..denitrification.","DENOVOPURINE2.PWY..superpathway.of.purine.nucleotides.de.novo.biosynthesis.II","DHGLUCONATE.PYR.CAT.PWY..glucose.degradation..oxidative.","DTDPRHAMSYN.PWY..dTDP..beta..L.rhamnose.biosynthesis","ECASYN.PWY..enterobacterial.common.antigen.biosynthesis","FAO.PWY..fatty.acid..beta..oxidation.I..generic.","FASYN.INITIAL.PWY..superpathway.of.fatty.acid.biosynthesis.initiation..E..coli.","FOLSYN.PWY..superpathway.of.tetrahydrofolate.biosynthesis.and.salvage","FUC.RHAMCAT.PWY..superpathway.of.fucose.and.rhamnose.degradation","FUCCAT.PWY..fucose.degradation","GALACT.GLUCUROCAT.PWY..superpathway.of.hexuronide.and.hexuronate.degradation","GALACTARDEG.PWY..D.galactarate.degradation.I","GALACTITOLCAT.PWY..galactitol.degradation","GALACTUROCAT.PWY..D.galacturonate.degradation.I","GLUCARDEG.PWY..D.glucarate.degradation.I","GLUCARGALACTSUPER.PWY..superpathway.of.D.glucarate.and.D.galactarate.degradation","GLUCUROCAT.PWY..superpathway.of..beta..D.glucuronosides.degradation","GLUDEG.I.PWY..GABA.shunt","GLYCOCAT.PWY..glycogen.degradation.I","GLYCOL.GLYOXDEG.PWY..superpathway.of.glycol.metabolism.and.degradation","GLYCOLYSIS.E.D..superpathway.of.glycolysis.and.the.Entner.Doudoroff.pathway","GLYCOLYSIS.TCA.GLYOX.BYPASS..superpathway.of.glycolysis..pyruvate.dehydrogenase..TCA..and.glyoxylate.bypass","GLYOXYLATE.BYPASS..glyoxylate.cycle","GOLPDLCAT.PWY..superpathway.of.glycerol.degradation.to.1.3.propanediol","HCAMHPDEG.PWY..3.phenylpropanoate.and.3..3.hydroxyphenyl.propanoate.degradation.to.2.hydroxypentadienoate","HEXITOLDEGSUPER.PWY..superpathway.of.hexitol.degradation..bacteria.","HISDEG.PWY..L.histidine.degradation.I","HSERMETANA.PWY..L.methionine.biosynthesis.III","KDO.NAGLIPASYN.PWY..superpathway.of..Kdo.2.lipid.A.biosynthesis","KETOGLUCONMET.PWY..ketogluconate.metabolism","LACTOSECAT.PWY..lactose.and.galactose.degradation.I","LIPA.CORESYN.PWY..lipid.A.core.biosynthesis..E..coli.K.12.","LIPASYN.PWY..phospholipases","LPSSYN.PWY..superpathway.of.lipopolysaccharide.biosynthesis","METHGLYUT.PWY..superpathway.of.methylglyoxal.degradation","NAD.BIOSYNTHESIS.II..NAD.salvage.pathway.III..to.nicotinamide.riboside.","OANTIGEN.PWY..O.antigen.building.blocks.biosynthesis..E..coli.","ORNARGDEG.PWY..superpathway.of.L.arginine.and.L.ornithine.degradation","ORNDEG.PWY..superpathway.of.ornithine.degradation","P105.PWY..TCA.cycle.IV..2.oxoglutarate.decarboxylase.","P108.PWY..pyruvate.fermentation.to.propanoate.I","P124.PWY..Bifidobacterium.shunt","P125.PWY..superpathway.of..R.R..butanediol.biosynthesis","P164.PWY..purine.nucleobases.degradation.I..anaerobic.","P185.PWY..formaldehyde.assimilation.III..dihydroxyacetone.cycle.","P221.PWY..octane.oxidation","P23.PWY..reductive.TCA.cycle.I","P4.PWY..superpathway.of.L.lysine..L.threonine.and.L.methionine.biosynthesis.I","P42.PWY..incomplete.reductive.TCA.cycle","P562.PWY..myo.inositol.degradation.I","P621.PWY..nylon.6.oligomer.degradation","POLYAMSYN.PWY..superpathway.of.polyamine.biosynthesis.I","PROTOCATECHUATE.ORTHO.CLEAVAGE.PWY..protocatechuate.degradation.II..ortho.cleavage.pathway.","PRPP.PWY..superpathway.of.histidine..purine..and.pyrimidine.biosynthesis","PWY.1501..mandelate.degradation.I","PWY.1622..formaldehyde.assimilation.I..serine.pathway.","PWY.181..photorespiration","PWY.1861..formaldehyde.assimilation.II..assimilatory.RuMP.Cycle.","PWY.2221..Entner.Doudoroff.pathway.III..semi.phosphorylative.","PWY.241..C4.photosynthetic.carbon.assimilation.cycle..NADP.ME.type","PWY.2942..L.lysine.biosynthesis.III","PWY.3801..sucrose.degradation.II..sucrose.synthase.","PWY.4361..S.methyl.5.thio..alpha..D.ribose.1.phosphate.degradation.I","PWY.4984..urea.cycle","PWY.5005..biotin.biosynthesis.II","PWY.5028..L.histidine.degradation.II","PWY.5030..L.histidine.degradation.III","PWY.5130..2.oxobutanoate.degradation.I","PWY.5136..fatty.acid..beta..oxidation.II..plant.peroxisome.","PWY.5138..fatty.acid..beta..oxidation.IV..unsaturated..even.number.","PWY.5180..toluene.degradation.I..aerobic...via.o.cresol.","PWY.5265..peptidoglycan.biosynthesis.II..staphylococci.","PWY.5345..superpathway.of.L.methionine.biosynthesis..by.sulfhydrylation.","PWY.5367..petroselinate.biosynthesis","PWY.5392..reductive.TCA.cycle.II","PWY.5415..catechol.degradation.I..meta.cleavage.pathway.","PWY.5417..catechol.degradation.III..ortho.cleavage.pathway.","PWY.5431..aromatic.compounds.degradation.via..beta..ketoadipate","PWY.5497..purine.nucleobases.degradation.II..anaerobic.","PWY.5505..L.glutamate.and.L.glutamine.biosynthesis","PWY.561..superpathway.of.glyoxylate.cycle.and.fatty.acid.degradation","PWY.5654..2.amino.3.carboxymuconate.semialdehyde.degradation.to.2.hydroxypentadienoate","PWY.5656..mannosylglycerate.biosynthesis.I","PWY.5676..acetyl.CoA.fermentation.to.butanoate.II","PWY.5692..allantoin.degradation.to.glyoxylate.II","PWY.5705..allantoin.degradation.to.glyoxylate.III","PWY.5723..Rubisco.shunt","PWY.5747..2.methylcitrate.cycle.II","PWY.5838..superpathway.of.menaquinol.8.biosynthesis.I","PWY.5845..superpathway.of.menaquinol.9.biosynthesis","PWY.5850..superpathway.of.menaquinol.6.biosynthesis","PWY.5855..ubiquinol.7.biosynthesis..early.decarboxylation.","PWY.5860..superpathway.of.demethylmenaquinol.6.biosynthesis.I","PWY.5861..superpathway.of.demethylmenaquinol.8.biosynthesis.I","PWY.5862..superpathway.of.demethylmenaquinol.9.biosynthesis","PWY.5896..superpathway.of.menaquinol.10.biosynthesis","PWY.5910..superpathway.of.geranylgeranyldiphosphate.biosynthesis.I..via.mevalonate.","PWY.5920..superpathway.of.heme.b.biosynthesis.from.glycine","PWY.5971..palmitate.biosynthesis..type.II.fatty.acid.synthase.","PWY.5972..stearate.biosynthesis.I..animals.","PWY.6168..flavin.biosynthesis.III..fungi.","PWY.6182..superpathway.of.salicylate.degradation","PWY.6185..4.methylcatechol.degradation..ortho.cleavage.","PWY.6210..2.aminophenol.degradation","PWY.622..starch.biosynthesis","PWY.6284..superpathway.of.unsaturated.fatty.acids.biosynthesis..E..coli.","PWY.6285..superpathway.of.fatty.acids.biosynthesis..E..coli.","PWY.6292..superpathway.of.L.cysteine.biosynthesis..mammalian.","PWY.6293..superpathway.of.L.cysteine.biosynthesis..fungi.","PWY.6305..superpathway.of.putrescine.biosynthesis","PWY.6318..L.phenylalanine.degradation.IV..mammalian..via.side.chain.","PWY.6328..L.lysine.degradation.X","PWY.6353..purine.nucleotides.degradation.II..aerobic.","PWY.6396..superpathway.of.2.3.butanediol.biosynthesis","PWY.6435..4.hydroxybenzoate.biosynthesis.III..plants.","PWY.6507..4.deoxy.L.threo.hex.4.enopyranuronate.degradation","PWY.6531..mannitol.cycle","PWY.6545..pyrimidine.deoxyribonucleotides.de.novo.biosynthesis.III","PWY.6549..L.glutamine.biosynthesis.III","PWY.6588..pyruvate.fermentation.to.acetone","PWY.6590..superpathway.of.Clostridium.acetobutylicum.acidogenic.fermentation","PWY.6595..superpathway.of.guanosine.nucleotides.degradation..plants.","PWY.6606..guanosine.nucleotides.degradation.II","PWY.6607..guanosine.nucleotides.degradation.I","PWY.6608..guanosine.nucleotides.degradation.III","PWY.6612..superpathway.of.tetrahydrofolate.biosynthesis","PWY.6690..cinnamate.and.3.hydroxycinnamate.degradation.to.2.hydroxypentadienoate","PWY.6708..ubiquinol.8.biosynthesis..early.decarboxylation.","PWY.6731..starch.degradation.III","PWY.6749..CMP.legionaminate.biosynthesis.I","PWY.6803..phosphatidylcholine.acyl.editing","PWY.6892..thiazole.component.of.thiamine.diphosphate.biosynthesis.I","PWY.6895..superpathway.of.thiamine.diphosphate.biosynthesis.II","PWY.6902..chitin.degradation.II..Vibrio.","PWY.6920..6.gingerol.analog.biosynthesis..engineered.","PWY.6922..L.N.delta..acetylornithine.biosynthesis","PWY.6961..L.ascorbate.degradation.II..bacterial..aerobic.","PWY.6992..1.5.anhydrofructose.degradation","PWY.7013...S..propane.1.2.diol.degradation","PWY.7039..phosphatidate.metabolism..as.a.signaling.molecule","PWY.7094..fatty.acid.salvage","PWY.7118..chitin.deacetylation","PWY.7165..L.ascorbate.biosynthesis.VIII..engineered.pathway.","PWY.7184..pyrimidine.deoxyribonucleotides.de.novo.biosynthesis.I","PWY.7185..UTP.and.CTP.dephosphorylation.I","PWY.7187..pyrimidine.deoxyribonucleotides.de.novo.biosynthesis.II","PWY.7196..superpathway.of.pyrimidine.ribonucleosides.salvage","PWY.7198..pyrimidine.deoxyribonucleotides.de.novo.biosynthesis.IV","PWY.7200..superpathway.of.pyrimidine.deoxyribonucleoside.salvage","PWY.7204..pyridoxal.5..phosphate.salvage.II..plants.","PWY.7209..superpathway.of.pyrimidine.ribonucleosides.degradation","PWY.7210..pyrimidine.deoxyribonucleotides.biosynthesis.from.CTP","PWY.7211..superpathway.of.pyrimidine.deoxyribonucleotides.de.novo.biosynthesis","PWY.7237..myo...chiro..and.scyllo.inositol.degradation","PWY.7242..D.fructuronate.degradation","PWY.7245..superpathway.of.NAD.NADP...NADH.NADPH.interconversion..yeast.","PWY.7254..TCA.cycle.VII..acetate.producers.","PWY.7268..cytosolic.NADPH.production..yeast.","PWY.7269..mitochondrial.NADPH.production..yeast.","PWY.7294..D.xylose.degradation.IV","PWY.7315..dTDP.N.acetylthomosamine.biosynthesis","PWY.7323..superpathway.of.GDP.mannose.derived.O.antigen.building.blocks.biosynthesis","PWY.7328..superpathway.of.UDP.glucose.derived.O.antigen.building.blocks.biosynthesis","PWY.7340..9.cis..11.trans.octadecadienoyl.CoA.degradation..isomerase.dependent..yeast.","PWY.7383..anaerobic.energy.metabolism..invertebrates..cytosol.","PWY.7385..1.3.propanediol.biosynthesis..engineered.","PWY.7388..octanoyl..acyl.carrier.protein..biosynthesis..mitochondria..yeast.","PWY.7391..isoprene.biosynthesis.II..engineered.","PWY.7392..taxadiene.biosynthesis..engineered.","PWY.7396..butanol.and.isobutanol.biosynthesis..engineered.","PWY.7409..phospholipid.remodeling..phosphatidylethanolamine..yeast.","PWY.7434..terminal.O.glycans.residues.modification..via.type.2.precursor.disaccharide.","PWY.7446..sulfoquinovose.degradation.I","PWY.7616..methanol.oxidation.to.carbon.dioxide","PWY.7723..bacterial.bioluminescence","PWY.7783..plasmalogen.degradation","PWY.7805...aminomethyl.phosphonate.degradation","PWY.7807..glyphosate.degradation.III","PWY.7873..D.erythronate.degradation.II","PWY.7874..L.threonate.degradation","PWY.7883..anhydromuropeptides.recycling.II","PWY.7942..5.oxo.L.proline.metabolism","PWY.8004..Entner.Doudoroff.pathway.I","PWY.8011..L.serine.biosynthesis.II","PWY.801..homocysteine.and.cysteine.interconversion","PWY.8131..5..deoxyadenosine.degradation.II","PWY.821..superpathway.of.sulfur.amino.acid.biosynthesis..Saccharomyces.cerevisiae.","PWY.822..fructan.biosynthesis","PWY.922..mevalonate.pathway.I..eukaryotes.and.bacteria.","PWY0.1221..putrescine.degradation.II","PWY0.1277..3.phenylpropanoate.and.3..3.hydroxyphenyl.propanoate.degradation","PWY0.1337..oleate..beta..oxidation","PWY0.1338..polymyxin.resistance","PWY0.1533..methylphosphonate.degradation.I","PWY0.166..superpathway.of.pyrimidine.deoxyribonucleotides.de.novo.biosynthesis..E..coli.","PWY0.301..L.ascorbate.degradation.I..bacterial..anaerobic.","PWY0.41..allantoin.degradation.IV..anaerobic.","PWY0.42..2.methylcitrate.cycle.I","PWY0.461..L.lysine.degradation.I","PWY0.781..aspartate.superpathway","PWY0.845..superpathway.of.pyridoxal.5..phosphate.biosynthesis.and.salvage","PWY0.881..superpathway.of.fatty.acid.biosynthesis.I..E..coli.","PWY1G.0..mycothiol.biosynthesis","PWY1ZNC.1..assimilatory.sulfate.reduction.IV","PWY3O.4107..NAD.salvage.pathway.V..PNC.V.cycle.","PWY4LZ.257..superpathway.of.fermentation..Chlamydomonas.reinhardtii.","PWY5F9.12..biphenyl.degradation","PWY66.367..ketogenesis","PWY66.391..fatty.acid..beta..oxidation.VI..mammalian.peroxisome.","PWY66.399..gluconeogenesis.III","PWY66.430..myristate.biosynthesis..mitochondria.","PYRIDNUCSAL.PWY..NAD.salvage.pathway.I..PNC.VI.cycle.","PYRIDNUCSYN.PWY..NAD.de.novo.biosynthesis.I..from.aspartate.","PYRIDOXSYN.PWY..pyridoxal.5..phosphate.biosynthesis.I","REDCITCYC..TCA.cycle.VI..Helicobacter.","RUMP.PWY..formaldehyde.oxidation.I","SALVADEHYPOX.PWY..adenosine.nucleotides.degradation.II","TCA.GLYOX.BYPASS..superpathway.of.glyoxylate.bypass.and.TCA","TCA..TCA.cycle.I..prokaryotic.","THISYN.PWY..superpathway.of.thiamine.diphosphate.biosynthesis.I","THISYNARA.PWY..superpathway.of.thiamine.diphosphate.biosynthesis.III..eukaryotes.","THREOCAT.PWY..superpathway.of.L.threonine.metabolism","UBISYN.PWY..superpathway.of.ubiquinol.8.biosynthesis..early.decarboxylation.","UDPNACETYLGALSYN.PWY..UDP.N.acetyl.D.glucosamine.biosynthesis.II","URDEGR.PWY..superpathway.of.allantoin.degradation.in.plants","URSIN.PWY..ureide.biosynthesis"
NA,87.3215,NA,NA,318.963,146.79,299.493,NA,214.891,NA,255.908,NA,94.6564,48.3137,0.455047,152.862,NA,10.9171,117.128,257.749,NA,55.8552,264.724,236.037,NA,273.163,NA,30.42,248.35,273.163,12.1362,58.6997,97.3078,49.5661,251.335,84.0382,311.422,332.542,201.579,NA,243.444,95.6901,NA,27.1354,38.6965,NA,189.108,NA,45.7639,81.4312,25.6876,146.79,398.374,285.589,NA,NA,0.340277,31.668,270.549,206.296,NA,276.837,60.3038,12.1818,12.8617,337.426,211.045,169.007,NA,NA,NA,6.4381,NA,28.7933,252.139,137.493,NA,NA,104.701,NA,NA,63.6253,285.215,170.001,180.749,52.6495,212.478,12.8948,NA,18.574,261.283,261.283,NA,3.75367,315.505,NA,NA,0.719724,NA,NA,300.273,NA,205.458,201.821,201.821,44.1456,223.385,230.15,223.385,201.821,10.5561,144.394,363.848,NA,NA,205.46,192.668,NA,NA,57.9247,102.589,179.753,2.00347,371.935,NA,NA,NA,NA,NA,23.2796,249.779,30.6572,9.22784,89.2032,NA,NA,30.355,NA,361.827,40.0727,201.579,NA,69.5082,NA,208.945,297.977,187.953,162.723,NA,NA,NA,NA,721.485,NA,26.3624,246.181,NA,260.923,NA,121.928,NA,NA,4.82383,NA,13.534,NA,172.078,663.958,20.5983,NA,NA,NA,107.495,NA,195.48,NA,318.064,12.4196,NA,NA,202.976,7.15769,144.848,57.9313,NA,NA,NA,35.2414,NA,7.69792,NA,NA,NA,NA,96.9383,210.238,215.881,NA,89.8006,184.773,5.53733,0.220504,7.66472,NA,195.849,30.9561,37.8493,NA,238.958,197.534,NA,NA,NA,242.991,321.325,NA,NA,227.911,91.1633,213.366,16.8299,NA,16.2661,NA,159.419,104.341,209.008,278.513,79.733,2.51222,NA,305.289,320.906,210.957,11.6157,108.777,NA,NA,NA,NA
NA,44.394,NA,1.47358,258.925,106.748,221.784,NA,109.925,13.0586,195.895,NA,4.21776,18.0733,NA,152.162,NA,228.288,66.7208,179.278,86.9993,109.916,178.275,160.391,2.43313,205.034,0.904427,155.8,172.717,205.034,8.52425,33.3975,183.675,18.3795,191.635,53.5814,212.922,331.824,164.435,3.13689,372.559,229.289,NA,94.8359,35.4272,NA,122.917,NA,27.7328,41.8871,249.519,106.748,274.228,255.263,32.2221,44.0252,4.65669,NA,310.297,121.623,5.44457,263.387,40.5083,1.62037,0.353023,208.484,186.762,171.328,NA,8.69466,14.5659,12.7408,NA,56.4543,181.282,115.208,NA,13.9068,33.2462,1.14179,4.97873,33.3667,212.282,107.305,137.355,29.9699,256.454,NA,0.820288,0.918625,139.635,139.635,31.669,19.4508,232.072,NA,NA,60.3257,NA,NA,204.314,NA,136.743,133.796,133.796,37.3172,173.666,181.271,173.666,133.796,1.70126,71.2064,81.2826,NA,NA,121.867,124.876,NA,299.635,NA,NA,145.213,9.53767,265.296,NA,NA,67.4984,NA,2.71315,8.80446,127.779,51.2943,43.0543,0.281273,17.2685,43.8361,216.613,31.6094,216.548,87.4921,164.435,NA,71.9799,NA,130.844,270.892,132.137,218.171,NA,9.7693,3.10071,NA,668.493,NA,60.158,170.572,0.500697,173.75,41.3595,116.032,46.486,175.491,12.3358,0.660436,25.4167,55.4648,153.953,380.52,18.7579,NA,3.58044,NA,73.5105,NA,124.624,0.403239,293.201,NA,2.99459,0.237386,193.516,0.619383,126.643,19.9755,NA,0.912411,0.122152,20.9772,NA,0.133244,NA,NA,NA,NA,88.1057,190.535,172.904,3.56926,27.7051,150.284,25.1574,NA,1.19955,NA,160.018,63.7623,40.9324,NA,181.353,192.874,NA,NA,NA,265.712,238.929,44.906,0.507329,156.081,91.8217,237.987,NA,10.0334,NA,4.71728,41.4932,98.5021,239.56,189.426,52.5092,3.78577,35.9545,260.505,296.598,159.661,106.672,84.3893,NA,0.279437,NA,46.487
NA,56.0548,NA,NA,274.459,141.343,243.466,NA,142.959,0.285817,154.734,39.9747,NA,43.7668,0.781481,148.324,NA,23.7566,96.465,232.127,37.44,53.9011,191.755,159.182,NA,263.137,NA,32.9788,221.871,263.137,NA,51.1283,209,46.0916,191.088,67.4173,247.402,247.656,156.372,NA,187.259,242.167,1.67646,41.5227,36.1113,NA,NA,NA,50.1811,74.3436,54.1424,141.343,307.887,284.307,63.7236,287.75,12.4639,NA,254.524,152.779,16.9713,346.434,49.8929,11.274,NA,223.441,163.443,158.835,NA,21.6943,NA,50.7612,NA,36.2252,82.4367,190.647,NA,4.7024,30.3756,13.5458,NA,16.3951,268.608,134.184,150.825,99.1059,297.343,9.4659,NA,5.66534,177.683,177.683,1.34452,18.2461,274.776,0.507148,7.36374,15.4621,NA,NA,252.471,NA,173.218,169.773,169.773,56.1264,205.333,213.021,205.333,169.773,3.66378,116.152,294.232,NA,NA,163.63,169.141,0.507148,283.393,43.0329,76.8352,164.96,44.4635,207.774,NA,NA,3.65326,NA,99.1803,10.0046,125.432,49.9276,35.0424,37.8353,0.38102,1.98053,65.6711,1.33421,247.757,38.9769,156.372,NA,70.8242,NA,230.186,308.506,172.285,167.839,NA,5.35254,9.21626,1.72768,467.192,NA,42.253,198.179,30.0581,200.95,38.5208,105.619,69.2132,225.55,41.9854,NA,18.1315,55.3887,133.558,460.27,18.2358,NA,11.9244,NA,115.793,NA,128.021,20.622,303.699,NA,21.735,NA,211.087,NA,96.6301,57.6652,NA,NA,5.41987,26.0095,11.4476,NA,NA,NA,NA,NA,124.272,214.684,167.172,8.92014,35.9074,181.722,148.209,1.09448,2.62715,NA,152.827,47.1013,41.2987,NA,202.172,172.196,NA,NA,NA,339.727,276.807,59.9044,0.711168,181.411,114.306,191.531,NA,NA,NA,30.7578,149.288,130.012,222.519,221.964,72.2438,17.7773,1.6719,304.449,338.361,216.416,129.249,90.3437,NA,1.50364,NA,2.32758
NA,NA,NA,NA,254.772,NA,162.648,48.4888,NA,NA,206.03,283.715,NA,83.3474,NA,127.607,NA,275.055,7.60509,352.24,NA,152.883,228.517,237.179,141.648,497.042,366.444,176.377,252.916,497.042,196.513,NA,60.5621,84.039,296.428,56.3367,171.177,NA,NA,313.248,NA,1.05733,94.3581,339.029,78.4052,NA,131.911,NA,96.0739,58.2899,175.665,NA,412.071,176.638,NA,NA,0.612924,51.5026,NA,2.656,NA,223.698,67.0528,NA,NA,241.787,NA,126.433,NA,NA,NA,204.825,NA,48.1769,NA,NA,NA,NA,NA,NA,NA,NA,387.889,202.583,NA,140.361,3.83609,189.904,NA,NA,NA,NA,80.715,NA,224.636,NA,139.019,NA,NA,98.8143,371.203,28.5676,207.396,170.929,170.929,82.8429,139.743,178.159,139.743,170.929,33.1247,38.5092,417.907,51.4732,146.214,NA,NA,NA,NA,306.551,337.425,0.518447,NA,304.993,0.234937,NA,399.585,NA,NA,189.822,94.7117,11.6979,0.540885,60.7289,NA,78.3569,312.599,82.7485,577.723,127.34,NA,53.744,69.8988,149.906,191.933,258.133,163.787,107.465,NA,NA,373,NA,3.79635,NA,149.048,266.281,NA,76.3679,NA,97.1121,NA,NA,NA,157.373,25.7475,NA,NA,129.156,180.831,NA,NA,NA,NA,NA,103.849,220.509,85.8014,58.3317,NA,20.5793,0.515067,27.9805,NA,NA,98.0596,NA,NA,4.80732,NA,6.43538,NA,83.5469,33.7924,33.7924,110.818,41.8415,128.087,NA,62.9226,119.682,NA,NA,29.6305,NA,NA,153.595,135.064,61.8935,96.3767,358.878,14.2471,134.642,109.551,223.196,226.863,NA,NA,145.316,6.61692,113.287,NA,NA,80.3142,NA,0.540243,9.11637,163.683,172.329,21.6382,NA,600.693,227.418,233.189,170.084,5.8093,NA,58.3026,NA,NA,NA
NA,39.7246,NA,5.85734,265.521,35.9668,189.756,7.9454,87.7484,NA,139.515,37.1671,NA,32.2595,13.1178,142.896,NA,105.711,87.3618,206.406,NA,55.5079,160.609,136.741,NA,195.205,NA,29.7679,171.541,195.205,13.2507,39.4679,105.638,33.6867,182.967,69.9687,182.208,225.256,125.458,NA,115.173,314.954,19.1529,12.5805,145.481,NA,138.206,NA,59.8235,61.7682,152.788,35.9668,234.083,186.722,103.995,NA,5.47762,NA,229.418,110.815,7.88278,225.803,77.3832,NA,NA,227.686,127.219,147.771,NA,0.829613,1.26682,15.349,13.8142,152.977,8.27995,110.556,NA,3.85072,6.59874,8.21141,0.513321,0.604799,233.324,128.09,107.373,52.8333,236.308,18.5356,6.76338,5.17722,112.531,112.531,NA,7.47207,203.114,0.404568,NA,NA,NA,4.12308,289.934,11.188,119.327,119.327,119.327,38.1709,138.115,138.115,138.115,119.327,3.07553,103.718,275.844,NA,NA,99.6354,111.421,0.404568,12.1159,73.9244,119.397,102.716,35.3091,178.902,17.067,NA,NA,13.3959,NA,11.8821,121.847,9.16346,19.6646,12.8799,NA,NA,19.3488,NA,232.001,40.2257,125.458,NA,64.2481,NA,159.827,231.657,123.124,121.026,NA,4.47344,50.0941,NA,441.573,NA,42.9007,211.655,19.8531,270.96,6.19812,120.069,NA,229.498,17.9152,32.052,1.31376,10.1748,135.074,329.47,15.3615,NA,5.10781,NA,123.505,NA,129.502,25.3306,194.681,NA,NA,NA,93.1535,1.01857,87.6506,23.6279,NA,0.22155,7.50967,17.0516,NA,1.07194,NA,NA,NA,NA,113.768,153.253,150.456,0.33419,23.1944,114.834,194.98,NA,2.1969,NA,115.212,48.0816,64.1214,NA,259.57,167.531,NA,13.9852,13.828,220.975,188.467,NA,NA,143.74,92.0326,159.336,NA,NA,NA,NA,87.6219,96.9869,136.076,184.928,103.066,6.7879,NA,211.7,250.056,144.289,5.59823,87.8019,NA,NA,NA,NA
NA,NA,NA,NA,NA,NA,NA,NA,NA,NA,NA,NA,NA,NA,3.38994,25.2977,NA,477.097,NA,NA,NA,NA,NA,NA,NA,NA,NA,NA,NA,NA,NA,NA,NA,NA,NA,NA,NA,NA,NA,NA,7.21,177.081,NA,NA,441.009,NA,NA,NA,NA,6.7735,486.452,NA,NA,NA,0.592,NA,6.52091,NA,NA,2.27903,3.89311,NA,11.6435,NA,NA,NA,NA,9.10125,NA,NA,NA,24.2886,NA,6.44719,16.6013,NA,NA,0.719328,7.81421,NA,5.98094,4.89097,NA,NA,NA,56.2708,3.89951,4.99912,NA,NA,NA,NA,NA,NA,NA,NA,NA,NA,NA,NA,NA,NA,NA,NA,NA,NA,NA,NA,NA,NA,5.3534,NA,29.1747,NA,NA,NA,NA,NA,NA,15.4005,21.1402,5.90343,NA,NA,NA,NA,NA,15.3662,NA,NA,NA,NA,NA,NA,NA,NA,3.17421,NA,3.99303,NA,NA,NA,NA,NA,NA,NA,NA,4.23773,NA,0.796596,NA,NA,NA,NA,NA,NA,NA,66.5833,39.1433,7.70028,NA,629.817,13.0646,NA,NA,72.9428,4.9244,625.553,NA,NA,NA,NA,NA,NA,NA,NA,3.44201,NA,NA,NA,NA,4.68081,10.3493,NA,NA,NA,NA,NA,NA,NA,NA,NA,NA,NA,7.3682,NA,NA,NA,NA,0.547024,NA,NA,5.80085,NA,NA,NA,NA,NA,12.006,0.646818,NA,NA,NA,NA,NA,NA,NA,NA,2.2179,NA,NA,NA,NA,NA,NA,2.91525,NA,NA,NA,2.09751,NA,NA,NA,NA,9.82313,NA,NA,NA,NA,NA
NA,NA,NA,NA,103.254,NA,33.5264,14.947,0.133114,NA,66.6057,88.539,NA,13.4136,1.24485,52.4762,NA,699.977,21.4821,99.0434,49.9524,64.3545,50.393,45.2685,20.4232,134.09,71.6374,69.569,59.4862,134.09,76.8322,NA,148.526,15.0646,171.935,81.3228,69.3435,4.88236,NA,108.438,2.42853,650.257,24.1602,149.66,23.1727,NA,37.0494,NA,22.823,13.6916,141.833,NA,87.594,66.8399,12.4873,34.3901,8.66036,NA,6.21891,3.636,8.74051,201.173,16.8617,NA,NA,57.4216,NA,60.8735,NA,3.08143,NA,150.381,NA,8.41382,NA,12.5367,NA,6.48468,7.91198,NA,NA,NA,110.014,56.6481,NA,91.6004,132.614,43.0886,1.31566,NA,NA,NA,18.4781,NA,81.3147,NA,45.5649,28.8558,2.09415,22.7787,145.424,12.2253,89.0897,81.9755,81.9755,26.089,74.6482,83.7873,74.6482,81.9755,4.86337,32.4202,122.916,NA,68.875,NA,NA,NA,202.446,78.9898,90.3108,8.63007,21.2846,50.1591,NA,NA,103.251,NA,NA,89.7356,66.8601,26.7159,12.3017,12.7438,NA,68.8721,137.417,137.417,143.867,49.3814,NA,14.1401,19.9294,46.6147,64.1626,100.066,114.134,191.054,NA,7.46869,90.5021,NA,79.4053,NA,59.5655,50.8697,NA,33.2535,68.8204,33.3442,NA,38.9049,12.0508,50.084,46.1586,28.2476,43.2101,NA,89.4207,NA,5.99226,NA,NA,NA,33.0584,51.3038,6.60793,NA,14.9956,18.0671,36.452,4.10824,6.26718,4.00338,40.0396,NA,NA,NA,NA,1.32336,24.2147,27.381,7.68624,7.87794,40.6638,32.6321,209.864,0.912734,12.8988,NA,85.9552,3.85972,5.03992,NA,NA,56.6152,31.4747,17.284,40.8572,98.7499,8.22033,24.9128,11.5401,193.146,93.3157,40.1454,1.42554,40.2661,559.479,8.54777,NA,NA,NA,20.1655,37.4179,100.386,558.475,56.0541,11.0496,17.0101,145.19,99.3192,108.003,139.253,584.101,NA,15.233,NA,2.09415,NA
NA,NA,NA,NA,35.6714,NA,NA,NA,NA,2.59094,31.8352,NA,NA,NA,NA,219.945,NA,226.221,NA,NA,NA,123.533,19.4868,19.3714,NA,0.456412,0.928932,1.43584,NA,0.456412,NA,NA,NA,NA,190.213,NA,NA,2.46593,NA,3.1982,NA,555.185,NA,NA,200.25,NA,NA,NA,1.51094,60.1925,317.054,NA,NA,NA,NA,NA,43.9723,8.25084,2.5233,52.4671,32.7405,6.0996,64.7372,0.880456,NA,19.3754,NA,18.2478,NA,NA,10.0985,103.941,NA,92.0067,416.406,NA,NA,49.5467,44.6857,NA,NA,4.37769,NA,NA,NA,230.486,94.1168,3.20647,NA,NA,NA,NA,1.44773,3.65147,NA,NA,NA,51.7719,NA,NA,NA,NA,40.1559,NA,NA,NA,NA,61.9892,NA,NA,9.33515,50.1466,77.485,NA,NA,NA,NA,NA,NA,14.0924,24.9922,7.29801,127.428,22.0514,NA,NA,18.2275,NA,NA,5.83151,2.59053,NA,NA,60.7471,3.43639,9.42089,11.6875,8.81509,12.7416,89.4962,NA,NA,NA,NA,NA,85.9087,114.528,2.1897,NA,NA,0.629374,NA,28.5653,NA,NA,NA,NA,NA,NA,86.5671,NA,429.634,137.906,2.6275,NA,NA,NA,202.957,6.03968,NA,NA,NA,NA,NA,NA,104.265,7.85793,NA,1.90116,NA,NA,1.63937,14.3289,NA,NA,12.176,NA,NA,NA,NA,NA,NA,NA,NA,42.9779,NA,142.144,0.643098,84.0052,NA,67.6564,17.8939,18.4125,NA,NA,NA,NA,NA,NA,2.11223,NA,NA,NA,6.44386,NA,NA,NA,31.6478,43.1082,33.875,NA,1.62412,NA,3.04582,NA,48.9453,72.1816,NA,NA,16.1817,11.4634,NA,NA,153.662,106.587,NA,NA,NA,NA,NA
NA,NA,NA,4.42528,56.5613,NA,27.0954,5.45232,0.290023,NA,52.6459,18.7744,NA,NA,NA,89.2662,NA,166.143,46.4972,111.323,153.676,102.428,NA,NA,0.960929,48.5978,1.77716,28.8509,50.1531,48.5978,37.2976,NA,542.737,7.63399,100.944,102.435,77.0135,70.5497,NA,6.06702,56.9682,305.792,NA,NA,115.822,NA,7.82614,NA,34.7233,7.50631,130.56,NA,30.3919,24.3384,20.9206,243.267,107.591,9.84623,93.1436,74.8044,24.3021,225.584,93.4012,0.683674,NA,30.1431,NA,10.2807,NA,92.5396,NA,130.59,NA,61.3237,25.2879,38.4408,NA,29.4562,86.8714,40.3609,NA,9.39899,122.134,62.2019,NA,357.071,177.589,4.05933,18.1029,NA,NA,NA,NA,NA,91.804,NA,1.23794,NA,NA,NA,152.461,NA,101.632,93.5794,93.5794,5.25551,90.5215,102.28,90.5215,93.5794,29.7208,65.1626,166.891,NA,NA,NA,NA,NA,225.942,18.7243,34.9381,116.584,NA,18.0062,NA,NA,NA,NA,NA,33.1415,NA,71.6997,61.4776,NA,NA,NA,70.9457,NA,67.2802,83.2817,NA,NA,NA,NA,14.3339,37.9798,59.7438,97.0407,NA,31.6543,49.4191,NA,245.9,NA,18.9361,62.5083,NA,122.512,70.9882,52.1185,NA,227.626,118.668,59.9095,NA,87.9991,118.175,45.9627,37.5129,NA,102.131,NA,3.33596,NA,61.9365,5.52379,6.56297,4.72123,11.5677,16.5407,19.3505,22.7329,82.7732,27.9665,NA,NA,NA,1.28058,NA,6.14358,NA,NA,NA,NA,9.80226,76.11,90.1078,60.1734,NA,53.0768,125.722,16.4544,27.1444,NA,NA,21.3952,39.077,NA,130.954,52.6276,NA,NA,NA,227.642,92.4609,133.668,2.63709,79.8529,132.406,31.3925,NA,NA,6.21401,18.0961,18.4283,137.182,410.205,59.8955,23.4293,48.0553,NA,105.684,159.4,69.9486,231.674,NA,NA,0.618475,NA,NA
NA,17.0305,NA,NA,98.5666,NA,32.3001,NA,NA,8.79661,161.672,80.1177,NA,NA,4.52909,73.1092,NA,374.136,18.0384,62.9124,129.304,178.895,7.96187,3.65617,NA,11.1738,49.8906,37.2968,36.3425,11.1738,NA,NA,187.282,NA,214.888,NA,39.0488,37.4361,NA,125.439,31.924,169.002,NA,6.81358,342.559,NA,56.4329,NA,11.4693,31.7938,276.689,NA,83.2833,56.9224,1.03607,NA,83.9131,263.447,41.4446,42.9455,64.9626,81.6759,113.239,16.504,NA,55.4337,NA,78.4348,NA,NA,6.58716,166.719,NA,109.169,480.26,NA,NA,106.798,245.992,NA,16.333,241.416,72.716,40.8156,NA,418.491,164.273,141.797,NA,NA,NA,NA,52.8659,NA,45.6362,NA,NA,5.01162,NA,NA,76.4,NA,69.7469,49.0966,49.0966,3.14375,34.7598,50.7018,34.7598,49.0966,73.0665,113.524,307.418,NA,NA,NA,NA,NA,223.487,236.402,261.439,136.062,34.1711,45.3248,NA,NA,270.386,NA,NA,65.8818,NA,48.3314,50.4703,NA,11.6617,164.687,205.238,165.771,278.854,136.902,NA,NA,22.34,NA,24.9565,70.2275,76.2044,37.7002,NA,8.19055,NA,NA,198.841,NA,33.752,23.5174,NA,161.563,37.0254,38.7863,NA,376.537,192.011,32.8049,NA,58.8752,87.428,99.3256,65.8495,NA,97.149,NA,NA,NA,51.5195,44.6088,34.4559,30.0012,4.21593,0.623447,1.93295,40.1667,277.811,NA,NA,NA,20.8636,3.3553,NA,NA,NA,NA,NA,NA,48.2285,48.9435,189.276,33.9342,23.0341,123.814,117.557,4.01661,57.174,NA,NA,35.0024,22.804,NA,170.816,55.4913,NA,NA,NA,81.8788,79.3475,170.859,NA,78.8938,39.9023,73.7272,NA,8.38156,48.8562,6.72876,2.0261,45.364,290.002,55.0559,73.9853,36.7255,209.181,47.0348,131.948,169.016,229.479,NA,NA,NA,NA,NA
NA,5.67825,124.957,10.4386,315.588,NA,174.576,59.6353,7.82765,NA,306.054,316.354,NA,78.9362,3.83954,118.06,NA,56.6329,28.0351,408.93,NA,139.7,218.134,219.569,162.899,546.776,313.568,209.446,254.867,546.776,240.172,8.0873,86.1154,81.484,317.428,156.956,222.96,12.1038,NA,315.047,11.4638,47.0253,102.456,327.404,6.33613,NA,144.22,NA,95.3285,55.867,83.4466,NA,378.72,226.47,5.52516,NA,3.60732,NA,13.0856,23.5725,2.28025,293.373,24.3469,NA,NA,298.875,9.17022,126.271,NA,1.23786,NA,213.032,NA,66.3438,161.005,2.91308,NA,11.3138,26.1855,NA,NA,6.35133,452.124,197.574,7.26804,17.9703,122.839,193.245,1.47784,1.64771,9.58469,9.58469,66.5296,2.69397,285.736,NA,191.313,NA,26.3479,73.0131,456.14,47.7338,224.4,209.805,209.805,98.9444,175.609,191.225,175.609,209.805,0.957158,68.2336,416.423,NA,193.564,8.16142,12.0415,NA,NA,301.704,334.554,9.49273,8.85869,339.122,11.6079,NA,368.408,NA,NA,229.596,120.062,17.9084,8.21972,45.7079,NA,10.3193,265.797,10.4074,522.7,113.885,NA,61.5235,71.7888,NA,213.702,273.609,217.491,114.265,NA,13.3927,295.737,5.1654,27.6314,NA,118.951,245.08,18.4362,66.4287,14.695,94.1803,NA,14.8871,7.33967,173.752,2.15668,18.7284,32.0297,NA,236.885,13.3111,1.43217,18.3723,18.3372,NA,145.126,249.033,125.912,NA,NA,97.9885,1.69538,NA,4.63554,2.31269,129.156,NA,NA,NA,NA,0.45241,79.5836,76.0923,37.8274,46.8055,117.669,18.2974,283.007,0.332453,16.7286,8.814,17.2728,NA,0.764305,NA,NA,127.561,156.542,54.6001,89.3841,282.834,46.775,141.457,97.8032,276.009,303.637,NA,NA,168.183,73.8069,88.971,NA,NA,NA,NA,1.77798,89.7774,235.539,241.392,52.088,2.81505,541.372,305.329,330.26,230.922,45.2721,16.014,65.725,NA,26.3479,3.23555
NA,NA,NA,NA,37.191,NA,NA,NA,NA,NA,245.542,13.531,NA,NA,23.2128,76.3855,NA,368.853,NA,NA,NA,256.369,NA,NA,NA,2.29867,NA,NA,NA,2.29867,NA,NA,31.321,NA,31.1685,NA,NA,NA,NA,NA,22.5453,100.8,NA,NA,543.302,NA,255.197,NA,24.6359,NA,461.727,NA,NA,NA,16.3117,NA,49.8704,NA,NA,84.9287,22.59,9.38013,47.0053,NA,NA,21.3299,NA,NA,NA,NA,NA,132.005,NA,128.091,545.419,19.9023,NA,17.5026,53.3467,NA,NA,8.19447,6.68693,NA,NA,290.837,49.1114,NA,NA,NA,NA,NA,NA,5.44361,NA,NA,NA,NA,NA,NA,NA,NA,NA,NA,NA,NA,NA,NA,NA,NA,16.9796,50.8551,NA,NA,NA,NA,NA,NA,NA,NA,NA,10.8839,4.71238,60.9487,NA,NA,NA,NA,NA,NA,NA,NA,9.32679,88.3258,NA,NA,1.8361,NA,1.84966,198.032,NA,NA,NA,NA,NA,382.346,49.0485,NA,NA,17.4286,NA,NA,339.745,NA,NA,NA,NA,NA,NA,21.6269,NA,NA,208.607,NA,NA,NA,NA,482.253,NA,NA,6.71285,NA,NA,NA,NA,NA,415.243,NA,NA,NA,NA,13.8989,39.1929,15.0686,NA,NA,NA,NA,NA,NA,NA,NA,NA,NA,15.4717,NA,101.617,5.44683,2.90514,NA,32.3782,6.78946,16.6407,NA,NA,NA,NA,NA,NA,NA,NA,NA,NA,9.84079,NA,NA,NA,21.4663,33.3144,138.63,NA,NA,NA,NA,NA,39.8685,477.433,NA,5.56118,23.9072,NA,NA,5.6982,349.158,332.446,NA,NA,NA,NA,NA
NA,174.296,NA,NA,241.754,NA,396.826,NA,187.801,NA,282.476,NA,148.867,10.0765,3.22525,250.761,NA,40.4666,176.593,343.529,NA,62.4311,255.052,266.292,NA,257.203,NA,82.9714,239.366,257.203,NA,16.255,206.113,10.0763,225.943,201.356,276.503,261.256,134.402,NA,373.681,8.34125,NA,145.121,13.8301,NA,290.248,NA,129.796,179.842,69.3851,NA,234.827,315.891,255.802,NA,4.93529,12.8037,256.814,78.1485,11.4187,280.548,33.5569,5.51766,4.78523,236.143,282.393,239.934,NA,NA,NA,24.9404,NA,34.0282,20.056,NA,NA,141.002,14.4337,227.679,NA,6.03654,360.563,311.41,263.439,55.4833,29.0726,4.18415,10.8424,8.64659,234.701,234.701,NA,NA,324.361,NA,NA,2.14177,NA,42.7093,337.921,NA,209.305,176.353,176.353,172.603,165.564,212.727,165.564,176.353,5.69743,107.68,208.922,NA,NA,202.032,272.793,NA,NA,20.0124,38.0451,167.72,8.36926,249.541,NA,NA,NA,NA,NA,32.1088,156.024,50.4073,NA,17.2343,NA,NA,138.987,NA,378.752,45.531,134.402,NA,201.765,NA,173.867,256.779,184.819,158.073,NA,87.5394,104.791,NA,794.082,NA,179.407,291.736,187.449,248.594,37.1599,199.761,NA,40.2268,18.2797,81.032,11.0122,54.3766,190.539,635.539,4.96156,182.14,7.24436,212.581,200.944,NA,215.697,NA,116.372,2.95083,NA,NA,NA,2.77145,107.72,NA,NA,NA,43.7318,NA,NA,11.2557,NA,NA,NA,NA,282.491,184.624,203.723,3.56393,127.158,187.87,17.6537,0.347507,4.10443,NA,222.678,190.545,208.36,NA,226.877,254.587,NA,NA,NA,89.2023,246.386,NA,NA,275.052,16.1488,143.712,NA,NA,3.79841,NA,NA,22.0458,212.031,210.596,271.967,7.48734,NA,314.851,349.038,197.947,20.7409,200.434,NA,NA,NA,NA
NA,3.00259,NA,3.27261,74.1594,NA,49.3104,49.6934,NA,NA,161.119,196.005,NA,47.9159,NA,176.792,NA,475.956,80.4223,128.647,18.4606,7.49332,104.389,68.8825,91.2981,82.6015,6.8915,116.793,68.9174,82.6015,91.9505,116.447,130.659,51.7578,230.585,85.4638,73.7491,65.5657,50.334,22.5004,268.459,150.913,71.6855,44.1357,38.5382,NA,96.1774,NA,62.7108,68.3644,168.908,NA,67.0777,53.8218,9.62133,NA,NA,NA,49.3494,5.49071,NA,124.954,76.9106,NA,NA,49.5479,6.39989,182.278,NA,NA,NA,14.5137,NA,124.309,292.443,NA,NA,133.274,NA,8.97841,185.034,67.0778,134.737,93.566,NA,11.2316,164.59,93.9638,NA,NA,NA,NA,17.1125,0.435195,76.9179,NA,4.83138,NA,0.119812,2.57326,118.657,39.8045,148.178,130.81,130.81,58.5514,104.538,121.627,104.538,130.81,NA,14.9299,215.491,NA,160.245,NA,1.49485,NA,114.889,153.735,177.28,1.3526,2.00256,98.2998,7.66619,NA,20.102,NA,NA,69.3562,16.9113,26.5815,NA,2.25282,NA,NA,7.82773,NA,18.168,5.03096,50.334,NA,244.765,1.3862,155.609,201.426,165.777,225.398,NA,60.3182,95.8035,NA,160.51,2.46141,90.2447,72.5631,NA,131.818,19.8287,86.7295,NA,70.0824,NA,131.264,0.320231,29.7303,48.0378,402.757,69.2523,NA,NA,NA,28.8026,NA,79.3711,48.6034,149.133,NA,NA,9.32913,NA,NA,199.495,NA,0.657206,NA,43.6011,NA,NA,NA,1.14833,1.27036,NA,NA,97.5193,51.9929,219.964,NA,1.21511,22.907,95.7376,NA,NA,NA,58.4904,84.9885,73.8007,0.728953,122.232,123.221,0.148547,53.035,57.8189,124.398,286.764,NA,NA,104.727,1.60518,108.673,NA,NA,NA,NA,NA,2.22968,279.9,257.844,53.2497,NA,11.6812,70.8923,78.6777,219.988,156.226,27.2478,NA,NA,0.119812,NA
0.174323,1.35861,32.8922,NA,150.658,21.7986,47.6867,8.94678,0.239626,53.3918,104.368,126.015,NA,12.0588,NA,108.91,0.589119,558.003,22.5513,107.413,107.007,125.572,72.2061,59.6033,66.6851,119.116,54.3569,123.206,91.6742,119.116,87.7819,30.751,289.065,13.0162,183.836,81.6482,80.39,6.97966,38.1499,119.085,27.6266,389.143,23.3321,27.1136,110.285,NA,41.599,NA,18.3936,19.871,433.912,21.7986,65.2273,90.0452,9.39914,105.286,0.469117,47.8253,8.40134,5.6948,NA,246.224,48.6086,1.49352,9.66987,88.6413,0.844927,112.397,NA,1.20845,1.91604,30.9604,1.44826,67.3489,249.076,NA,1.15947,56.1488,47.8219,1.61047,29.9407,66.307,147.987,43.4582,37.8907,16.8152,200.842,54.4397,NA,1.47372,0.349698,0.349698,38.6468,32.3398,96.8062,NA,61.2715,40.2533,7.27793,23.9047,135.557,13.6183,144.306,124.97,124.97,11.9146,114.007,139.604,114.007,124.97,17.5547,64.7109,260.078,NA,103.911,0.366072,0.450539,NA,295.018,122.321,159.066,14.7617,24.7372,48.3701,0.692978,13.1257,172.512,NA,117.718,103.656,52.4559,8.90483,65.3514,11.4685,68.4006,167.123,204.862,204.862,172.23,101.059,38.1499,11.6985,12.6512,43.6582,76.654,204.892,177.274,275.7,NA,26.7302,100.44,7.26864,3.32579,0.751886,35.8734,69.7414,1.47645,96.1898,6.24968,52.8039,NA,207.111,NA,51.2173,101.269,10.0917,17.3712,147.861,74.7719,1.47143,NA,1.15208,17.1765,NA,33.8263,92.4636,228.891,NA,NA,4.55072,1.45574,NA,130.084,NA,9.21767,0.555618,1.87174,NA,7.62428,NA,17.5871,17.2926,1.4252,8.88366,18.0841,40.3145,177.183,0.329993,15.2678,7.83842,120.291,3.97615,13.2687,15.8329,39.8947,35.5677,33.8321,10.867,103.901,98.3596,11.9322,31.9696,21.0326,246.004,98.8435,NA,NA,61.4347,252.459,120.302,NA,NA,NA,NA,1.52579,175.391,425.382,68.8477,41.8726,6.70933,169.332,99.6133,110.404,188.165,288.156,49.2065,12.8922,1.16112,7.27793,NA
NA,NA,NA,NA,274.194,32.7198,150.648,11.391,NA,NA,94.9496,237.255,NA,18.2754,1.09212,283.325,NA,229.286,155.148,386.812,NA,194.371,113.683,88.2711,72.5271,254.815,60.5241,130.683,213.205,254.815,80.6022,12.5957,218.443,19.2218,293.178,190.347,216.294,2.65247,79.6248,140.313,118.936,81.2088,25.9409,101.742,60.0945,4.22848,202.565,15.6243,104.795,171.849,198.757,32.7198,248.123,107.212,14.5573,2.31065,18.7752,33.7624,2.6735,59.5509,25.4525,276.1,118.45,75.2673,NA,248.034,NA,261.012,NA,15.9005,NA,49.2551,NA,102.644,160.548,4.68255,NA,7.4901,80.8346,NA,NA,43.1676,433.115,281.073,97.7393,191.848,173.223,70.2154,NA,32.3691,NA,NA,121.722,12.646,161.134,NA,170.254,52.6607,NA,9.12425,306.488,52.6932,228.664,221.504,221.504,123.222,191.044,199.11,191.044,221.504,16.404,170.186,380.715,8.90617,151.817,NA,NA,NA,NA,198.689,257.822,42.9675,31.4438,208.906,NA,12.3991,321.022,NA,NA,178.998,69.5612,167.816,107.158,55.7442,NA,42.2263,214.771,43.3592,326.793,162.517,79.6248,NA,54.2322,NA,188.058,280.791,221.695,198.537,NA,8.60915,79.7047,20.545,54.5641,17.465,213.277,233.026,NA,277.348,319.62,178.069,NA,255.071,74.2146,99.205,16.0674,275.988,211.625,336.156,81.3352,NA,16.6684,NA,99.4864,NA,202.952,210.718,9.01053,11.0569,72.6858,73.8686,11.574,14.1904,21.9997,3.80589,NA,NA,NA,1.75221,20.7631,14.0669,8.19384,7.87816,1.65667,7.01744,143.596,119.638,257.152,7.08082,30.9198,148.591,85.5419,5.82519,17.6655,20.9695,99.1732,223.419,166.997,4.56517,212.503,87.1824,9.56641,54.8673,NA,198.55,227.532,NA,0.270778,187.268,63.6817,178.278,NA,NA,14.3184,90.84,12.0875,80.8183,215.756,175.457,42.2618,22.0124,301.087,150.6,140.395,260.024,92.6666,49.1096,NA,0.233028,NA,NA
NA,NA,NA,NA,321.464,NA,157.948,62.0146,0.162005,NA,267.225,273.808,NA,67.0519,0.37023,160.752,NA,287.654,53.136,384.308,NA,160.444,216.046,234.529,75.0743,552.094,329.852,195.979,245.432,552.094,234.866,NA,76.4985,67.8417,323.241,179.368,223.283,0.264681,NA,319.934,NA,25.3143,89.3292,354.221,177.266,NA,176.044,NA,88.2224,55.5179,242.827,NA,369.182,219.323,0.208562,NA,13.8581,NA,0.265047,32.7032,33.0666,289.59,58.6149,NA,NA,293.9,0.193698,162.386,NA,37.9215,NA,229.698,NA,88.3047,61.7448,NA,NA,31.2325,36.423,NA,NA,2.96275,432.414,208.712,NA,137.469,77.1534,182.396,0.166237,NA,0.137016,0.137016,117.867,2.52889,277.505,NA,178.886,12.092,6.53477,110.483,501.361,53.5909,227.65,200.033,200.033,88.0437,162.209,190.288,162.209,200.033,0.742662,85.8469,392.638,NA,181.058,0.152924,0.129628,NA,NA,284.779,324.142,3.68353,23.3248,342.125,NA,NA,387.065,NA,NA,254.28,97.1176,71.994,9.59101,85.8911,NA,37.6881,242.251,39.1105,615.867,135.2,NA,54.7685,75.8881,NA,236.02,281.405,213.777,115.677,NA,34.6923,328.601,4.33972,42.0974,NA,183.653,222.28,NA,128.808,NA,113.239,NA,NA,57.3253,169.854,24.3492,NA,NA,176.884,241.039,NA,22.6691,NA,1.52958,NA,155.837,233.002,NA,NA,NA,113.895,NA,NA,1.06067,NA,98.364,NA,NA,NA,1.30929,32.8781,18.3108,121.563,24.6842,32.1789,106.253,62.2305,281.383,12.9363,31.6223,0.166325,50.6596,1.61156,2.03136,NA,NA,185.206,142.883,93.2502,137.515,358.072,28.4242,118.815,125.664,275.035,280.674,NA,NA,187.213,64.5058,168.044,NA,NA,NA,NA,NA,79.9242,230.908,229.462,32.7077,27.5465,622.095,285.449,297.827,228.936,56.829,NA,58.7112,NA,6.53477,NA
NA,NA,NA,NA,97.0547,NA,21.4211,31.7,NA,NA,57.9046,45.0961,NA,21.7499,NA,123.344,NA,149.664,48.4681,91.7337,NA,68.34,43.1632,42.8423,NA,34.7964,NA,41.9016,35.1038,34.7964,37.7994,NA,77.725,24.1302,87.0809,46.2491,61.0233,38.8206,28.1809,NA,60.0588,304.891,17.0729,61.0003,313.908,NA,43.49,NA,28.56,35.7977,217.79,NA,48.3739,3.24195,26.0878,NA,91.0955,NA,59.6511,95.5722,25.2841,136.587,133.141,NA,NA,54.6204,NA,127.346,NA,NA,NA,264.184,NA,128.148,NA,65.8733,NA,50.8412,104.13,NA,NA,NA,84.0977,59.2788,33.096,325.619,220.072,53.7817,NA,28.8886,NA,NA,NA,18.731,32.2229,NA,NA,NA,NA,NA,98.2054,29.1516,108.566,91.3058,91.3058,28.038,76.3958,95.4386,76.3958,91.3058,NA,68.0656,109.161,NA,NA,NA,NA,NA,115.936,81.5719,95.4659,NA,6.05548,40.2432,NA,NA,NA,124.02,NA,28.7746,1.03516,86.3331,37.9752,1.94244,NA,NA,NA,NA,NA,49.3485,28.1809,NA,NA,NA,65.2563,93.1469,42.2617,NA,NA,50.6177,NA,NA,161.652,NA,50.7146,51.5361,NA,127.574,92.6256,51.4818,NA,377.308,237.836,44.4328,NA,136.296,140.593,NA,38.4589,NA,30.9428,NA,67.6661,NA,59.308,28.5091,141.607,NA,NA,NA,23.6017,NA,52.3564,49.5011,NA,NA,NA,NA,NA,10.0854,NA,NA,NA,NA,NA,50.4117,89.1831,66.1867,3.6524,NA,196.9,NA,NA,NA,33.3354,51.6712,30.8959,NA,119.834,50.3261,NA,36.5305,28.1478,141.565,44.5757,NA,NA,104.394,183.563,79.9233,NA,NA,NA,NA,24.3596,86.1992,181.778,38.4256,23.2701,78.4402,NA,29.893,27.4271,53.6152,219.306,NA,NA,NA,NA,NA
NA,NA,NA,NA,176.2,NA,55.3477,24.9395,NA,1.81746,101.997,137.1,NA,23.0607,NA,160.524,NA,312.591,44.5983,178.757,35.8051,211.604,80.1011,74.0761,7.36237,212.979,120.541,77.911,93.4997,212.979,90.2525,1.16542,38.381,25.4496,253.856,126.533,112.052,0.342498,NA,203.786,9.44851,424.18,40.2232,180.896,270.254,NA,NA,NA,42.0414,36.0694,184.103,NA,149.612,93.908,3.62204,125.067,131.431,4.3274,0.353824,49.5758,60.0914,311.969,71.9745,NA,25.4816,109.951,NA,161.323,NA,49.5255,NA,289.028,NA,123.925,18.9374,NA,NA,NA,54.4693,1.77012,7.92543,7.54369,217.634,107.612,10.4879,419.037,329.266,79.4794,NA,0.669421,NA,NA,64.0389,157.998,124.405,NA,67.0453,210.748,2.40032,37.4476,252.235,55.2826,211.315,148.515,148.515,42.1165,125.41,201.116,125.41,148.515,23.4015,147.74,191.529,NA,180.385,NA,NA,NA,268.082,131.965,159.28,52.0034,211.501,90.1249,NA,NA,315.565,NA,18.2513,91.2264,159.019,2.75709,148.623,75.0941,2.41911,108.79,167.808,167.808,336.036,175.426,NA,23.1348,33.2643,75.5829,98.9673,148.403,167.419,72.9354,NA,NA,144.669,1.75627,NA,NA,103.196,119.083,NA,172.604,NA,92.7633,NA,268.217,210.707,82.7873,86.2453,NA,NA,NA,92.7277,NA,52.1267,NA,NA,NA,79.6144,82.0867,139.256,NA,13.2426,8.97025,NA,NA,30.7241,NA,70.5615,4.65543,NA,4.67797,3.71338,NA,39.8699,45.7496,12.3563,13.7222,84.0767,59.1161,252.047,27.4009,164.19,1.43272,249.157,113.035,68.5882,NA,NA,99.3383,54.6936,28.8155,179.323,175.563,13.7785,58.2171,18.3287,304.625,186.845,64.8676,5.14433,153.444,209.536,13.6347,NA,NA,NA,20.4947,NA,191.123,213.9,120.192,53.8791,174.053,313.173,131.259,136.979,188.268,329.917,NA,25.3832,1.36933,2.40032,NA
NA,5.96822,NA,NA,300.373,154.738,217.856,55.695,5.6015,NA,273,NA,NA,38.8034,0.717228,176.951,NA,21.9473,48.6517,422.469,NA,220.866,272.819,323.774,110.901,480.621,NA,214.2,335.031,480.621,234.804,66.5696,143.938,39.3623,319.474,223.555,368.6,8.71811,164.873,NA,5.56069,22.9346,60.5727,47.0737,10.3172,135.053,496.381,117.103,36.0496,65.2621,40.8201,154.738,712.364,329.115,19.0194,NA,0.134674,41.1973,11.7534,65.6462,NA,265.662,57.1762,NA,5.36069,290.526,9.4684,172.461,NA,NA,NA,1.35612,0.608719,17.4105,35.1026,NA,NA,NA,10.829,NA,NA,12.9213,622.581,138.442,275.974,81.8735,72.4014,225.312,NA,15.6166,8.15674,8.15674,224.291,0.0709339,390.98,NA,0.679793,35.2168,3.49024,56.8128,364.524,74.8172,282.352,267.601,267.601,44.978,259.469,280.805,259.469,267.601,11.1655,244.856,394.513,12.2822,163.25,7.18501,10.8267,NA,20.1961,315.849,319.976,10.2973,16.0356,223.428,23.8255,13.7851,432.348,0.179384,NA,230.944,474.752,28.5195,18.6497,17.6648,NA,24.7504,410.444,24.9983,525.899,215.695,164.873,NA,259.451,NA,401.825,345.932,251.278,223.913,NA,NA,288.458,131.206,0.491531,85.4227,73.7969,384.266,18.838,244.323,20.2315,151.416,NA,25.6079,NA,135.102,70.7493,30.9099,51.09,NA,213.48,17.9404,NA,15.5518,58.6255,NA,187.362,NA,69.0606,13.7062,NA,27.3881,130.491,8.25322,36.9483,NA,29.8042,NA,73.0581,NA,NA,NA,10.6506,9.60643,NA,32.017,68.6601,75.8258,246.658,NA,17.8711,7.20453,44.0062,NA,9.7085,67.2427,241.938,78.6709,152.604,5.60525,231.46,319.552,55.8766,231.477,20.3405,253.114,280.097,NA,NA,219.951,8.25965,324.699,NA,NA,18.6636,NA,134.473,11.4294,303.668,275.345,49.5427,0.475438,567.924,377.592,369.986,267.974,13.516,28.6773,NA,NA,3.49024,NA
NA,10.4712,NA,4.02871,225.568,14.8278,155.144,46.1177,10.7202,7.03667,114.312,274.561,NA,146.282,NA,329.06,10.6074,96.2479,193.237,335.362,17.0982,211.098,200.929,190.569,NA,299.598,NA,134.439,208.176,299.598,88.2136,11.6806,274.84,146.262,287.818,187.378,237.836,112.615,63.2887,NA,186.037,199.558,31.9433,165.393,20.3552,NA,208.661,NA,140.277,181.633,116.223,14.8278,170.763,75.0685,43.4382,7.91,0.987203,109.012,127.395,21.4826,4.31494,314.25,193.989,7.35344,9.32887,160.85,38.8351,328.888,NA,NA,NA,81.3778,NA,60.2655,262.403,22.8495,NA,4.15224,131.723,4.21787,0.592658,131.694,348.568,268.102,82.3686,106.291,295.199,110.832,2.82049,28.3931,14.2885,14.2885,0.7012,23.0266,242.45,1.89501,NA,19.867,NA,NA,314.297,47.8665,276.785,267.071,267.071,160.244,254.073,267.469,254.073,267.071,25.792,221.862,495.91,23.6051,NA,11.958,14.7292,1.89501,166.282,281.901,354.644,33.1564,17.6607,154.77,16.0635,NA,1.92038,NA,NA,183.407,26.6626,66.3876,51.2381,18.0071,9.3189,1.0436,73.9758,0.699436,194.247,177.931,63.2887,NA,8.69374,NA,188.382,168.105,184.384,172.114,NA,4.14635,111.919,NA,325.971,NA,181.059,179.054,22.0445,194.212,52.0164,211.033,11.5712,157.12,1.66455,102.848,24.7025,78.9124,112.987,106.71,127.62,NA,2.71748,NA,156.088,119.587,185.365,223.405,124.531,30.053,NA,NA,15.5241,17.8027,202.588,3.38944,NA,NA,127.75,2.33784,18.6432,5.3909,NA,NA,NA,NA,221.912,205.456,260.326,NA,12.3155,156.862,124.439,NA,19.2484,NA,84.1194,189.214,59.0959,NA,194.966,275.019,NA,61.0538,64.1509,247.793,249.161,8.40846,NA,234.359,88.947,281.658,NA,NA,39.341,NA,16.2244,108.313,291.744,213.201,122.502,1.35434,0.875934,230.18,239.382,247.655,97.0636,30.7568,NA,NA,NA,1.08086
NA,12.9013,NA,NA,51.4805,4.53026,186.052,NA,3.03975,6.59664,39.6971,299.331,NA,18.7778,1.33578,259.033,NA,184.789,258.618,524.259,28.284,149.512,235.119,221.534,NA,274.316,NA,56.0903,192.348,274.316,3.68367,2.99928,363.69,18.7989,375.122,214.911,307.371,10.2181,2.19738,NA,204.077,225.291,NA,237.02,30.4078,NA,250.508,NA,143.524,88.1267,118.494,4.53026,30.7673,21.1853,10.3959,189.742,2.77887,20.1216,10.5986,17.3961,3.54068,419.584,142.655,7.75762,2.69616,27.262,4.25788,269.748,NA,NA,NA,11.8458,NA,28.0081,197.165,3.15347,NA,2.07753,83.0447,NA,NA,74.7425,549.883,331.851,4.63966,81.7364,339.803,16.4385,2.03605,3.87732,3.59859,3.59859,14.3279,4.1515,321.9,NA,NA,6.24912,NA,NA,375.285,NA,295.983,295.983,295.983,18.3241,273.268,273.268,273.268,295.983,11.1686,270.05,362.676,NA,NA,3.36511,3.77067,NA,317.444,70.9793,121.815,23.0303,7.42103,31.2932,NA,NA,36.5003,NA,NA,171.231,1.72651,69.5005,61.1784,10.7585,8.75374,20.2208,94.4688,14.6757,105.048,118.821,2.19738,NA,9.60038,NA,273.47,214.159,266.364,125.489,NA,2.4617,NA,NA,45.2537,NA,30.9795,218.327,8.79292,337.162,51.4912,201.853,1.44784,205.787,5.83027,NA,11.0327,75.6293,119.352,29.4062,46.0396,NA,2.22703,NA,11.4453,155.417,253.634,235.382,105.322,16.2,NA,NA,1.78509,7.77612,107.138,1.16676,NA,NA,230.33,NA,NA,3.9592,NA,NA,NA,NA,120.457,216.285,392.968,0.420985,4.56547,225.053,226.928,NA,8.40167,NA,3.21181,36.9399,2.09797,NA,321.476,207.156,NA,NA,NA,385.528,282.527,13.2891,NA,248.007,194.934,119.018,NA,NA,21.1235,NA,1.86815,207.691,332.158,267.455,13.9583,0.544824,18.2754,331.407,386.891,287.012,189.817,8.36507,NA,NA,NA,NA
NA,101.415,0.245771,0.591457,208.408,NA,224.679,NA,100.926,NA,172.876,4.20349,NA,8.78213,NA,239.437,NA,223.516,130.895,232.951,64.3278,56.7257,196.203,190.859,4.00826,168.852,0.679257,168.303,155.943,168.852,18.69,5.40253,198.115,8.77666,204.724,110.704,184.981,213.237,70.6088,2.36209,223.205,213.469,0.482309,141.653,45.6756,NA,133.63,NA,84.9443,124.192,124.06,NA,139.331,237.812,168.964,NA,NA,66.9416,234.068,49.4234,NA,269.588,17.2967,20.6126,24.0867,147.502,137.263,248.956,NA,NA,NA,96.9023,NA,64.1389,NA,NA,NA,125.488,0.265634,128.84,NA,NA,243.428,222.117,175.551,91.8352,265.239,34.0713,NA,30.1246,128.862,128.862,3.0622,0.871313,208.17,NA,0.377422,0.747226,NA,NA,268.91,0.622184,167.765,111.724,111.724,107.225,96.7898,171.032,96.7898,111.724,27.8188,23.842,303.22,1.54645,NA,117.973,138.289,NA,313.577,115.486,166.045,163.309,94.1441,139.758,NA,NA,8.25056,NA,NA,43.6732,128.041,199.198,2.40488,1.2134,NA,4.56345,241.617,3.06428,259.977,42.2352,70.6088,NA,177.118,NA,130.182,255.386,165.426,251.742,NA,68.5915,0.393637,NA,639.081,NA,106.125,177.808,159.12,216.774,268.271,176.166,NA,213.711,7.20767,0.730575,24.4656,208.672,246.279,465.08,43.3621,148.43,NA,263.582,195.83,0.508891,189.936,1.39013,90.326,27.4776,0.798625,0.419138,NA,12.844,101.013,NA,NA,NA,NA,9.08583,NA,1.12996,NA,NA,NA,NA,186.612,128.937,192.709,0.509978,111.754,122.598,160.992,2.41043,23.0431,NA,132.326,117.596,163.456,NA,215.305,163.336,NA,0.622184,0.777171,271.616,173.627,14.4752,NA,160.63,120.907,26.1417,1.08881,NA,35.524,1.27054,NA,125.537,245.748,150.828,188.99,5.00245,3.80405,225.565,261.483,180.868,173.858,173.626,NA,NA,NA,5.17081
NA,NA,NA,0.798318,310.896,NA,144.453,NA,NA,NA,0.30427,0.890937,NA,NA,NA,NA,NA,101.778,297.095,427.695,NA,279.737,5.1442,4.07552,0.774052,4.38772,NA,1.34714,1.26187,4.38772,0.805872,NA,337.86,0.100484,7.36776,NA,1.54587,NA,NA,NA,174.472,346.836,0.162165,0.0893118,10.0233,NA,NA,NA,2.10244,0.241638,182.615,NA,268.451,1.7153,0.770742,NA,4.49099,122.891,NA,4.4506,9.35119,347.892,28.8734,294.322,NA,256.516,NA,NA,NA,NA,1.80552,14.8104,NA,110.06,NA,1.23917,NA,0.204852,6.2816,175.623,NA,NA,440.842,422.88,NA,265.365,317.408,112.927,NA,NA,NA,NA,NA,1.25845,1.91089,NA,0.461628,NA,NA,0.246299,486.771,0.918091,284.674,284.674,284.674,201.878,290.31,290.31,290.31,284.674,56.5471,8.52221,523.432,1.23127,3.33175,NA,NA,NA,211.822,294.111,369.697,97.9165,1.74461,217.519,NA,NA,9.31882,NA,NA,0.86194,4.64195,214.372,2.96889,0.262961,NA,5.13441,275.609,3.44425,285.443,272.71,NA,NA,NA,NA,258.033,1.58013,5.19423,750.263,NA,0.240943,289.396,NA,0.383383,NA,NA,199.129,0.223161,302.146,205.781,NA,NA,292.085,20.7219,NA,104.031,248.139,282.987,503.6,4.86364,NA,1.81787,NA,NA,NA,362.122,1.01516,326.618,98.0358,NA,NA,1.52311,51.9308,2.85997,0.901752,NA,NA,NA,NA,NA,NA,279.743,295.072,NA,NA,1.88261,292.023,5.7038,4.75365,1.05057,250.724,263.744,NA,57.082,NA,NA,NA,154.378,277.923,301.865,330.869,0.250498,1.9997,NA,290.619,248.453,NA,NA,256.648,270.362,1.61765,NA,NA,125.457,NA,1.59717,141.704,292.625,233.769,1.57428,3.82478,4.29038,1.59306,1.71641,7.72773,164.376,NA,NA,NA,NA,NA
NA,80.7507,NA,NA,271.535,NA,119.404,26.7732,0.359574,NA,138.227,171.987,NA,91.2153,NA,223.556,NA,30.8268,142.273,391.913,NA,102.17,203.993,191.991,135.68,361.371,133.466,129.852,213.781,361.371,136.505,NA,199.272,88.2916,294.367,135.624,199.987,NA,91.8072,222.675,84.1982,251.134,55.1366,249.538,51.7322,NA,NA,NA,109.573,137.79,65.8152,NA,258.701,142.474,4.48908,NA,NA,68.3686,3.70632,10.1274,NA,325.582,37.5281,4.64698,NA,214.777,NA,223.137,NA,1.17488,NA,123.822,NA,35.026,41.4812,NA,NA,NA,NA,1.57713,0.856495,NA,438.226,273.285,90.2349,78.0822,276.214,141.764,NA,25.7746,NA,NA,38.0684,NA,214.397,NA,5.26504,10.2539,1.43308,35.8728,389.405,41.9756,229.48,220.179,220.179,135.236,202.506,214.501,202.506,220.179,14.1456,208.182,325.703,15.9404,160.745,NA,NA,NA,165.095,245.593,277.643,9.3145,47.671,209.219,NA,NA,289.462,NA,NA,135.518,246.577,116.473,1.40174,24.9679,NA,17.8597,148.498,18.3305,342.779,77.3264,91.8072,22.8519,34.69,NA,218.988,201.8,207.459,102.081,NA,NA,394.974,1.89867,NA,NA,200.706,140.846,NA,145.662,145.901,143.172,NA,151.019,1.94927,86.631,88.9826,126.043,159.567,198.621,126.447,NA,NA,NA,106.249,NA,193.008,115.164,186.417,19.0027,NA,NA,1.16338,12.042,3.8807,NA,71.9714,NA,121.18,NA,NA,NA,NA,52.4488,10.611,14.3893,154.44,132.274,273.649,0.317246,33.3193,81.7942,196.178,NA,19.7476,NA,101.054,207.883,149.49,33.0631,149.389,427.169,14.2344,57.3244,70.4463,279.159,237.795,NA,NA,175.307,124.654,62.3477,NA,NA,24.6842,NA,1.22006,137.475,233.258,199.529,13.9465,0.993883,331.709,199.238,205.714,231.685,126.624,NA,25.066,NA,1.43308,NA
NA,NA,122.881,NA,279.81,230.981,197.888,40.5621,NA,NA,268.805,273.341,NA,49.8435,NA,193.006,NA,77.8852,48.1709,385.554,NA,195.822,259.637,331.764,170.774,515.847,204.803,214.468,310.33,515.847,254.342,145.09,189.159,50.5164,310.947,173.228,377.917,NA,158.449,280.532,4.64852,46.508,73.6856,333.86,0.161263,128.847,538.947,123.257,35.3781,56.1307,3.99883,230.981,457.447,339.34,1.1173,12.8297,NA,3.07177,NA,57.0573,NA,286.439,13.0889,0.650673,NA,281.624,NA,182.224,NA,NA,NA,3.75274,NA,3.18842,9.63866,NA,NA,NA,2.41603,NA,0.547454,0.96025,570.586,124.193,241.245,3.69093,127.808,217.702,NA,1.6791,NA,NA,121.711,NA,394.493,NA,219.622,NA,7.40943,60.4956,354.135,66.8843,256.124,239.136,239.136,30.4803,222.651,245.383,222.651,239.136,1.30329,218.363,338.147,0.451315,175.001,NA,NA,NA,102.08,283.196,278.49,1.0501,3.60333,213.695,16.2432,21.7314,384.394,NA,NA,266.691,300.082,4.8103,4.99787,17.5683,NA,1.29344,342.473,1.29432,465.361,186.436,158.449,NA,224.639,168.61,398.589,327.669,214.763,222.346,NA,NA,286.716,128.906,0.125689,NA,50.2663,368.327,NA,203.602,3.25045,156.27,NA,55.011,1.26555,145.867,79.3778,5.32231,9.40699,138.61,247.58,NA,NA,NA,46.474,NA,167.676,187.54,1.15875,0.525511,NA,1.84039,133.512,1.06928,0.794756,NA,64.1054,NA,92.6515,7.62368,NA,0.478727,72.3902,76.0865,28.6186,28.6186,59.2289,77.2624,243.197,NA,2.29482,111.275,72.957,NA,1.30166,140.181,219.4,55.3253,143.98,52.8036,189.125,325.859,59.0204,217.376,NA,265.693,276.036,NA,NA,208.672,27.6196,293.42,NA,NA,0.67727,NA,137.48,37.0203,273.943,265.197,36.6529,0.549172,502.138,367.027,365.179,250.412,24.4393,2.00365,NA,NA,7.40943,NA
NA,95.6556,NA,NA,303.986,172.546,311.055,NA,196.892,NA,213.716,NA,86.2861,46.4451,NA,151.128,NA,16.3441,140.547,299.811,3.8913,NA,289.953,253.581,NA,310.562,0.517781,18.9343,277.209,310.562,1.00715,71.0712,125.683,47.7188,250.711,95.5706,380.383,353.966,188.103,1.80334,214.915,53.6344,NA,NA,1.39241,NA,256.822,NA,48.1843,102.088,37.0573,172.546,436.187,320.001,0.309082,NA,NA,NA,259.705,218.14,NA,308.924,NA,NA,NA,299.479,202.837,169.773,NA,NA,NA,NA,NA,0.676086,NA,145.736,NA,NA,NA,NA,NA,NA,327.813,201.067,NA,NA,148.068,NA,NA,NA,241.871,241.871,NA,NA,369.641,0.508556,NA,NA,NA,NA,282.279,NA,202.794,195.766,195.766,53.6106,230.343,245.351,230.343,195.766,NA,142.963,NA,NA,NA,191.51,183.582,0.508556,92.9904,NA,NA,159.896,38.5498,419.911,NA,NA,NA,NA,NA,0.898388,276.893,1.34603,NA,73.072,NA,NA,38.5671,NA,323.712,NA,188.103,NA,78.4802,NA,258.753,322.832,175.987,192.96,NA,NA,NA,NA,750.734,NA,30.3898,256.579,NA,236.429,NA,128.028,NA,76.1719,NA,NA,18.1985,NA,197.704,676.531,13.3594,3.45761,NA,2.62531,118.431,NA,226.009,NA,315.864,NA,NA,NA,208.89,NA,141.499,59.7736,NA,NA,NA,30.3374,NA,0.195684,NA,NA,NA,NA,104.296,216.916,215.819,NA,78.9902,175.163,81.3602,NA,NA,NA,184.844,35.7796,47.3063,NA,220.939,232.629,NA,NA,NA,152.953,315.565,NA,NA,264.107,33.0769,207.956,NA,NA,NA,NA,NA,43.2471,219.311,290.761,92.2995,NA,NA,350.111,357.072,193.137,30.6816,123.711,NA,NA,NA,NA
NA,223.131,NA,NA,275.514,3.73091,352.894,NA,173.925,NA,236.683,NA,NA,6.15446,9.60918,273.537,NA,272.797,195.92,358.248,NA,42.2263,258.069,269.577,NA,262.103,NA,NA,240.823,262.103,NA,1.07589,227.959,6.1451,240.019,105.684,282.521,240.033,106.637,NA,174.621,142.009,NA,146.464,88.1846,NA,193.762,NA,116.035,198.312,263.503,3.73091,253.821,381.173,169.188,NA,5.69068,NA,314.682,132.991,11.4716,317.025,46.3059,NA,0.590805,244.853,296.375,260.009,NA,NA,NA,14.9548,NA,73.7344,3.52478,22.8333,NA,182.446,12.3118,NA,NA,NA,374.337,327.377,149.135,57.783,281.311,NA,3.29759,5.63417,220.779,220.779,NA,1.83745,309.26,NA,NA,NA,NA,NA,371.341,NA,233.942,142.307,142.307,172.18,116.706,225.237,116.706,142.307,1.73518,59.7034,NA,NA,NA,205.153,261.032,NA,NA,NA,NA,225.109,69.063,247.058,NA,NA,NA,12.675,NA,NA,211.015,236.335,5.00521,NA,NA,NA,151.08,NA,388.484,29.9574,106.637,NA,241.495,NA,193.762,267.077,190.09,164.158,NA,124.398,NA,NA,655.141,NA,166.054,270.648,237.905,271.823,274.074,219.977,NA,213.912,23.1357,3.75213,NA,232.966,260.184,NA,NA,256.94,7.2771,285.361,269.374,NA,273.478,NA,1.18116,NA,NA,NA,2.53871,0.535188,139.355,19.2947,NA,NA,NA,NA,NA,3.81499,NA,NA,NA,NA,310.909,179.071,211.091,3.38371,177.942,172.632,136.395,0.416744,1.22178,NA,147.948,181.644,212.422,NA,249.066,221.685,NA,NA,NA,208.334,222.48,NA,NA,260.591,56.8923,78.6189,NA,NA,NA,NA,NA,71.7967,199.164,213.441,304.552,5.12669,NA,309.216,360.223,207.216,6.50181,222.367,NA,0.655744,NA,NA
NA,67.2453,NA,NA,201.737,105.504,179.097,NA,122.185,NA,147.77,146.996,NA,20.2539,3.02095,218.283,NA,391.467,115.632,201.687,111.408,51.5352,177.036,144.283,NA,211.891,NA,120.329,194.856,211.891,63.8366,48.891,216.259,20.7572,207.027,194.774,197.748,184.302,130.571,NA,86.6916,247.992,74.5327,0.893491,0.270069,NA,152.72,NA,90.2714,112.321,249.375,105.504,267.351,243.117,109.98,NA,0.190943,3.22638,243.418,135.389,NA,285.13,17.5622,NA,3.76941,137.935,142.906,208.752,NA,NA,NA,2.6636,NA,2.331,20.4263,97.5202,NA,92.6586,5.43909,NA,NA,5.7681,228.21,138.809,141.127,5.74255,259.462,1.48678,NA,7.24039,147.222,147.222,NA,NA,225.851,40.6427,NA,37.4225,NA,NA,271.478,NA,158.336,155.859,155.859,75.3757,189.132,194.674,189.132,155.859,1.06304,65.0456,105.842,NA,NA,130.832,140.923,40.6427,323.83,7.30244,14.2714,87.9231,13.3976,252.151,NA,NA,NA,NA,NA,81.5624,153.205,232.893,NA,7.68011,NA,NA,183.268,NA,183.174,37.0477,130.571,NA,84.345,NA,170.196,282.634,172.823,232.678,NA,45.6843,NA,NA,340.648,0.651808,98.0105,211.598,2.21837,258.752,581.569,166.505,NA,283.077,NA,NA,6.47378,276.288,270.677,316.884,75.2794,NA,NA,NA,166.61,NA,176.424,88.8417,220.682,0.915695,3.62969,NA,92.9474,0.493083,80.9096,26.1483,NA,NA,NA,14.7679,NA,NA,NA,NA,NA,NA,157.325,174.374,194.107,NA,14.2237,112.394,37.7387,1.26654,0.750511,NA,142.542,102.252,106.649,NA,227.024,105.442,NA,NA,NA,285.635,221.834,NA,NA,151.486,90.9216,149.594,NA,NA,1.17855,5.12698,42.0299,101.227,284.071,186.145,139.554,0.418305,NA,251.913,292.653,198.133,144.572,116.942,NA,NA,NA,NA
NA,149.011,NA,2.05359,236.049,48.0019,272.22,10.3185,111.406,21.4748,158.922,136.846,116.503,11.7416,NA,272.482,3.57987,121.389,171.152,324.757,NA,69.5643,207.229,201.986,NA,202.246,2.93241,69.0556,191.817,202.246,9.9362,16.1472,233.399,11.7403,233.471,180.054,225.587,203.227,82.3568,9.99874,270.344,116.111,NA,153.273,81.7212,NA,201.291,NA,117.074,178.324,133.276,48.0019,157.607,292.28,189.91,105.865,1.61119,37.35,206.971,58.0893,6.15591,323.32,27.3312,49.9034,19.7598,190.255,168.37,261.986,15.3662,0.22639,3.19177,35.8051,NA,69.9532,123.535,1.53702,NA,165.925,5.61819,146.989,0.788081,1.29532,340.455,287.697,171.637,56.6744,232.482,57.4154,1.04412,17.5305,141.313,141.313,3.02577,8.48836,267.431,NA,NA,7.59148,NA,NA,316.652,NA,195.839,144.128,144.128,147.181,127.761,196.89,127.761,144.128,11.7662,72.3888,366.427,9.90108,NA,131.366,163.629,NA,121.683,171.201,231.684,156.179,19.4862,159.787,NA,NA,8.19348,NA,27.8556,52.4179,134.48,226.47,10.3618,0.433587,28.1912,4.44387,114.345,3.00372,331.051,51.8634,82.3568,NA,177.414,NA,201.881,243.581,190.741,219.206,10.5816,85.1233,12.5949,NA,573.393,NA,171.664,222.379,172.774,240.114,275.683,196.227,100.409,224.12,7.13339,NA,24.6629,238.464,255.054,485.566,23.9311,187.58,3.88155,264.173,193.76,52.2183,209.402,68.747,135.779,12.5866,3.6498,NA,1.70132,6.76049,114.146,1.31494,NA,0.209247,30.0021,11.551,57.2888,2.28614,NA,NA,NA,NA,248.204,155.563,212.385,0.90068,150.008,151.478,48.1077,5.95659,8.72704,0.215694,141.642,179.226,187.582,NA,228.989,190.399,NA,NA,NA,276.918,217.523,NA,1.16896,220.078,103.682,43.939,1.89049,NA,16.2605,5.65959,1.78328,120.847,172.777,193.517,240.806,12.5091,3.76754,277.316,317.021,201.48,83.0921,170.308,NA,NA,NA,5.12372
NA,74.1203,NA,NA,241.895,147.132,236.404,27.2791,75.3334,28.3538,179.293,102.805,81.5492,22.6411,NA,166.908,14.1471,198.935,98.6463,226.014,NA,45.5195,209.265,193.655,27.2541,167.477,NA,61.6244,158.979,167.477,24.4961,89.3486,86.199,22.5684,150.676,38.4426,250.724,176.504,90.0161,NA,160.735,191.609,NA,114.534,205.876,NA,147.899,NA,59.7316,94.0503,242.41,147.132,143.494,329.285,85.8637,NA,NA,44.1083,193.993,166.065,6.75366,266.35,36.0329,1.53481,18.7594,197.024,138.673,171.397,2.80534,NA,NA,51.5029,NA,176.913,315.713,56.8491,NA,166.802,10.634,79.818,NA,5.82493,248.92,149.839,86.8859,69.7212,288.795,12.3234,5.18234,15.8289,96.4393,96.4393,NA,99.2099,259.915,NA,NA,0.317978,NA,NA,250.539,0.274788,126.807,121.368,121.368,94.0904,123.831,132.53,123.831,121.368,10.104,107.91,266.88,NA,NA,86.2413,116.196,NA,NA,52.934,91.2668,97.7064,61.8757,147.696,NA,NA,NA,NA,46.488,52.0455,178.996,135.952,159.094,0.50428,37.1194,NA,120.494,NA,322.263,32.2197,90.0161,NA,190.512,NA,188.431,302.455,165.479,300.94,11.2221,46.0212,100.796,NA,544.636,NA,43.5499,221.038,108.507,230.748,336.8,96.0985,51.139,220.815,0.800124,NA,41.8476,230.946,182.977,390.036,17.9897,89.9012,4.30432,191.745,150.587,36.9487,149.543,35.5727,339.47,10.7008,NA,NA,75.5367,NA,96.0754,43.0458,0.465956,NA,13.2598,12.0612,NA,1.30038,NA,NA,NA,NA,140.106,122.537,126.628,NA,58.2844,187.98,151.086,0.44525,7.54521,NA,103.661,49.1564,74.9658,NA,135.586,144.983,NA,0.274788,NA,260.27,168.664,NA,NA,224.446,125.005,55.7695,7.20405,NA,14.0167,NA,69.8064,129.753,164.319,157.64,148.847,8.13735,NA,264.618,333.002,176.525,97.6898,76.2334,NA,NA,NA,NA
NA,10.4145,NA,NA,219.383,127.957,197.827,16.1092,NA,3.7413,163.713,274.842,0.92009,17.2643,NA,133.39,NA,312.434,89.7134,511.452,NA,252.615,238.734,230.99,0.503808,271.56,NA,201.715,246.855,271.56,157.14,81.937,126.792,17.5103,389.861,7.15784,401.344,311.983,193.509,NA,324.064,182.921,15.3142,89.3554,238.385,NA,229.565,NA,168.227,40.6084,254.963,127.957,266.606,242.401,47.958,NA,11.7258,90.1154,324.625,132.928,2.10342,376.879,42.2157,14.5525,NA,144.092,31.5102,141.834,NA,NA,10.6855,45.4363,NA,227.593,314.123,183.199,NA,28.6018,6.65558,53.5691,NA,3.62514,546.394,346.137,204.081,265.911,311.465,121.207,2.06181,103.473,NA,NA,NA,18.1401,376.213,NA,0.874587,53.6851,NA,3.43561,393.565,111.864,258.977,258.977,258.977,27.973,236.94,236.94,236.94,258.977,65.4157,80.6337,464.635,27.1723,NA,NA,23.0404,NA,95.9855,278.782,347.756,58.0959,17.5294,277.106,NA,NA,NA,NA,NA,176.281,107.16,152.611,48.062,22.9554,4.97915,NA,100.945,NA,206.584,225.306,193.509,NA,18.0683,NA,266.396,300.818,220.575,273.091,NA,31.9642,373.349,NA,604.99,NA,28.1865,407.852,NA,297.556,138.905,100.926,NA,135.807,7.97035,161.464,12.344,164.567,216.995,538.19,164.054,NA,1.34097,NA,35.0037,NA,98.5037,131.291,158.492,78.2437,98.3467,149.588,76.9618,63.7663,6.71767,16.0875,NA,NA,95.2986,9.35041,NA,8.69305,NA,NA,NA,NA,28.5903,186.306,384.635,2.73849,13.1496,79.8663,97.3623,0.585312,73.9025,NA,207.088,33.7138,180.324,NA,280.668,426.782,NA,149.695,10.1051,359.429,329.014,NA,NA,229.061,93.4656,230.857,NA,NA,106.161,164.734,79.1568,113.567,268.16,305.909,49.5781,5.61535,NA,348.946,375.952,241.566,49.897,11.3175,NA,NA,NA,NA
0.643023,16.6355,NA,4.78589,109.487,24.0975,157.908,130.879,17.5801,86.7998,165.534,198.906,10.2775,121.898,NA,293.689,0.572742,249.04,168.839,370.302,NA,125.384,196.322,158.15,NA,246.224,1.41043,210.007,212.051,246.224,161.604,7.37502,254.912,133.551,252.346,171.836,201.649,371.579,137.618,4.87518,180.037,117.032,149.073,52.2213,129.472,NA,303.168,NA,141.134,192.141,252.747,24.0975,205.634,107.825,37.8516,20.7119,0.887663,85.6795,302.233,24.6399,NA,303.743,154.636,20.9793,61.9455,67.1094,35.6904,265.636,0.471917,NA,NA,95.6073,1.4442,91.1138,127.534,15.9273,NA,2.30803,16.0539,53.0982,5.23891,13.5591,373.762,290.904,174.519,232.604,213.23,260.644,NA,87.0126,23.7755,23.7755,23.9812,20.1933,152.159,1.92891,NA,74.3181,NA,132.29,280.446,118.821,199.491,199.491,199.491,144.624,212.969,212.969,212.969,199.491,69.2677,22.4164,456.663,101.34,NA,19.7827,24.3147,1.92891,7.54599,379.348,395.127,64.3132,27.5852,202.068,20.1376,NA,60.0369,1.14735,89.1611,143.425,28.3397,118.237,43.0705,2.47136,105.29,31.6059,116.212,23.8397,162.431,99.4902,137.618,NA,4.75094,NA,284.789,255.756,198.867,190.631,61.779,2.73121,239.467,NA,585.072,NA,226.395,178.167,30.1572,271.138,96.6265,208.067,16.7395,123.767,NA,198.267,76.8004,131.371,174.341,402.863,164.911,1.48307,NA,1.12137,79.4072,NA,228.053,45.892,230.126,118.224,3.31838,0.789661,28.8011,59.8175,46.5422,3.85587,NA,0.652099,149.06,NA,31.322,0.25613,0.121636,0.20685,NA,NA,164.239,173.884,243.587,NA,19.6165,46.656,146.214,4.02675,66.801,NA,171.655,230.841,151.748,0.118239,261.761,334.999,NA,138.388,149.458,250.184,231.534,NA,NA,196.528,38.0798,315.272,NA,NA,156.826,5.24089,30.0458,49.7684,204.15,186.833,108.045,2.5135,30.4799,135.294,127.77,224.767,103.455,27.5747,NA,NA,NA,17.3663
NA,13.6421,NA,NA,2.05989,NA,184.351,NA,NA,6.80526,9.67553,300.133,NA,186.048,NA,305.29,NA,110.142,263.694,489.178,NA,34.061,235.453,240.133,NA,364.643,NA,13.4326,260.236,364.643,NA,NA,370.086,95.1792,279.438,81.6246,274.296,0.854429,NA,NA,220.428,104.871,NA,231.801,14.1618,NA,NA,NA,150.017,288.456,158.934,NA,101.632,134.142,NA,120.052,NA,4.83619,NA,NA,NA,383.844,8.12352,NA,NA,1.03324,NA,316.273,NA,NA,NA,10.3077,NA,23.6935,NA,1.81628,NA,NA,0.503628,NA,NA,NA,518.805,377.139,3.18454,13.1898,230.002,4.54695,NA,0.451483,NA,NA,5.68973,NA,280.693,NA,NA,7.84358,NA,NA,358.845,NA,260.429,254.134,254.134,224.809,252.134,261.543,252.134,254.134,2.11048,278.923,205.001,NA,NA,NA,NA,NA,38.7658,21.6307,40.9167,2.37449,5.14131,96.8792,NA,NA,25.9066,NA,NA,230.203,NA,40.762,0.850826,NA,9.00774,11.7849,13.438,13.438,14.6761,23.694,NA,NA,110.815,NA,263.836,0.518447,1.71839,180.074,NA,NA,NA,NA,0.869273,NA,229.73,152.129,NA,243.856,29.3068,240.216,NA,176.659,NA,NA,3.68981,45.0274,72.7822,42.9965,2.87905,NA,NA,NA,279.167,NA,277.659,257.362,183.692,5.62936,NA,NA,0.570997,2.10101,1.34142,NA,NA,NA,242.188,NA,NA,NA,NA,NA,NA,NA,296.769,151.112,267.7,NA,3.23004,242.931,121.182,NA,3.10114,NA,NA,245.219,NA,NA,236.675,316.246,NA,NA,NA,285.803,301.249,NA,NA,277.797,101.774,12.7364,NA,NA,7.25945,NA,0.597365,124.577,233.791,264.374,NA,NA,17.9193,245.962,245.841,2.56867,25.6659,NA,NA,NA,NA,NA
NA,NA,NA,NA,313.677,228.547,352.34,NA,200.866,NA,309.606,NA,NA,59.7369,NA,114.365,NA,NA,135.823,363.555,NA,NA,308.137,280.463,NA,353.482,NA,1.17848,312.674,353.482,NA,69.6219,138.277,60.342,220.162,77.8124,389.269,457.859,229.228,NA,236.196,NA,NA,1.06783,NA,NA,NA,NA,49.3919,111.038,NA,228.547,278.185,319.891,124.61,NA,NA,NA,291.942,232.7,NA,307.528,0.485148,NA,0.447087,306.836,235.515,147.902,NA,NA,NA,2.75715,NA,0.388215,NA,247.121,NA,194.895,NA,NA,NA,NA,399.865,245.616,197.738,NA,NA,NA,NA,0.555636,251.527,251.527,0.367716,NA,410.777,NA,NA,NA,NA,173.553,287.027,NA,178.938,152.333,152.333,49.8851,222.103,229.986,222.103,152.333,NA,150.218,NA,NA,NA,231.724,240.302,NA,NA,NA,NA,216.739,NA,258.56,NA,NA,1.00886,NA,NA,NA,243.5,250.749,NA,58.3664,NA,0.549027,71.3582,0.366983,346.924,NA,229.228,NA,155.653,NA,295.487,338.32,221.489,224.399,NA,101.298,NA,NA,917.729,NA,49.8361,349.48,NA,250.749,332.836,96.753,NA,201.987,NA,NA,NA,249.088,260.999,734.294,0.909758,167.773,NA,286.953,326.104,NA,203.62,NA,384.2,NA,NA,NA,312.895,NA,167.455,208.365,NA,NA,NA,32.3128,NA,NA,NA,NA,NA,NA,175.523,204.615,182.371,NA,79.3274,197.893,NA,NA,NA,NA,207.267,57.5925,113.497,NA,219.719,277.189,NA,NA,NA,NA,344.908,NA,NA,262.278,NA,249.361,NA,NA,NA,NA,NA,NA,226.217,317.153,97.6168,NA,0.459308,358.283,360.499,253.136,NA,151.627,NA,NA,NA,0.642593
NA,83.6291,NA,0.404255,281.178,144.426,241.635,24.0654,184.213,NA,286.725,159.67,NA,81.2474,NA,147.701,NA,56.954,136.292,359.033,NA,34.0757,279.34,304.347,55.175,324.945,40.0891,64.5424,298.126,324.945,51.6187,53.671,133.394,81.021,287.972,112.116,327.831,313.835,276.67,104.066,168.222,38.8464,33.0571,161.07,0.60724,NA,218.163,NA,95.4053,84.8532,103.661,144.426,391.157,318.895,100.157,16.951,0.322362,3.03238,292.725,189.26,NA,298.931,4.41292,NA,0.731897,249.918,225.682,177.479,NA,NA,NA,38.9429,NA,6.9357,45.8073,138.388,NA,143.452,NA,NA,7.33025,2.00376,400.074,199.046,NA,8.54001,115.759,44.7679,NA,NA,225.006,225.006,127.329,0.429335,364.471,7.97073,31.941,NA,4.18254,14.9273,357.363,47.0899,224.907,224.209,224.209,61.4007,248.97,250.262,248.97,224.209,0.546958,153.682,424.744,0.624504,108.243,189.829,179.739,7.97073,71.0833,155.171,222.755,184.196,31.9297,431.393,31.6305,NA,188.21,NA,NA,46.3496,195.251,2.50164,1.13243,66.1291,NA,42.3102,132.956,41.0888,326.885,23.9106,276.67,11.2927,55.2038,NA,286.85,291.826,177.253,202.69,NA,77.682,68.6232,16.2979,734.563,NA,96.2902,323.092,101.258,267.73,1.67449,134.55,NA,30.9313,2.30082,37.3506,14.9566,2.77432,199.788,393.144,48.0678,NA,NA,NA,117.553,NA,182.811,90.2548,415.524,0.731884,NA,54.8777,162.491,NA,108.42,49.4604,22.2687,NA,NA,20.1518,NA,0.230606,18.4526,25.232,3.01966,4.95713,180.706,218.513,261.384,NA,70.3281,140.109,67.6565,NA,0.383904,NA,258.026,102.833,101.376,15.1184,250.368,257.242,6.38418,56.3749,46.9526,146.677,351.121,NA,NA,291.673,30.3881,283.134,41.2423,NA,0.942237,NA,157.561,39.7131,206.173,293.66,111.394,1.4036,123.111,342.457,359.841,187.726,26.2377,193.05,12.5877,NA,4.18254,6.89034
NA,45.0262,NA,0.00322535,257.524,NA,155.179,NA,1.51412,NA,3.2005,196.674,1.08903,0.300862,NA,255.066,NA,95.8401,174.543,320.794,NA,4.20677,4.55745,2.09029,NA,212.716,0.373716,23.6512,192.52,212.716,1.10691,NA,294.506,0.326333,322.945,180.062,206.171,3.44592,0.937237,1.30372,156.155,437.628,0.489283,124.275,17.5777,NA,197.051,NA,4.52679,188.963,165.965,NA,176.098,107.527,16.8279,NA,7.04405,NA,5.03539,88.059,17.0706,335.829,27.0113,2.01944,NA,191.997,2.12335,259.014,1.21441,NA,6.50336,21.2402,NA,20.5768,NA,NA,NA,3.20765,14.6278,9.3412,NA,NA,334.897,299.493,NA,61.7821,333.588,132.941,1.30859,NA,1.7979,1.7979,NA,0.988165,167.081,NA,161.604,NA,NA,NA,271.294,0.285615,250.125,231.974,231.974,131.951,194.223,213.698,194.223,231.974,NA,170.81,293.939,NA,NA,1.18661,1.98067,NA,226.676,228.899,244.249,10.3489,21.0518,158.563,NA,NA,NA,NA,NA,139.952,40.8929,83.9394,3.76865,NA,NA,NA,20.0345,NA,108.416,2.81792,0.937237,NA,2.05394,NA,221.034,322.604,230.565,92.8586,NA,3.7057,150.615,NA,11.908,NA,235.188,195.863,19.1548,231.895,315.197,160.163,NA,237.758,40.3793,125.72,0.467126,230.523,133.758,215.137,0.755872,6.221,10.9736,4.75623,133.875,146.065,212.428,145.43,169.521,NA,NA,NA,0.698832,NA,6.44076,NA,NA,NA,90.6716,0.530069,NA,NA,NA,NA,NA,NA,9.26194,172.924,347.415,5.64776,13.022,183.725,257.702,NA,NA,NA,2.38836,239.438,156.765,NA,190.076,220.299,NA,0.613624,0.542816,321.455,233.26,NA,NA,185.613,201.632,26.3428,NA,NA,NA,NA,0.732925,176.915,244.199,208.538,47.8074,NA,NA,161.55,158.131,273.382,206.479,4.65584,NA,NA,NA,NA
1.61903,112.735,NA,NA,290.725,130.441,238.849,13.1751,32.8856,NA,278.632,24.5624,NA,15.9868,NA,224.739,NA,238.501,158.712,510.519,33.1452,139.265,268.681,254.712,155.539,365.552,NA,235.975,254.378,365.552,148.407,50.416,228.964,16.1346,289.168,221.25,308.415,187.084,176.455,NA,385.368,68.4594,28.741,46.7168,69.2498,40.3111,351.18,57.7483,143.261,147.121,230.585,130.441,342.335,282.583,169.46,58.0482,21.198,NA,238.788,79.8788,4.08667,369.35,8.94706,7.3117,0.472031,294.711,131.476,225.144,2.0939,5.67919,NA,135.425,0.878796,3.05273,NA,NA,27.7211,0.759124,4.07963,269.866,NA,NA,592.923,333.691,236.315,112.477,178.652,81.9803,4.06625,0.11167,46.004,46.004,174.532,0.678746,375.736,NA,8.41281,NA,1.67261,53.4742,409.895,73.9048,252.545,247.615,247.615,152.776,248.791,256.331,248.791,247.615,NA,122.071,447.445,NA,166.868,20.8878,65.7413,NA,246.114,223.521,297.169,2.37571,5.47928,367.525,31.3953,9.2433,396.703,26.9318,NA,134.231,228.622,154.062,1.56045,NA,NA,42.109,345.388,42.1454,459.401,114.278,176.455,NA,83.2535,NA,257.14,356.594,248.462,326.635,NA,0.909468,327.449,63.3486,570.804,40.2277,163.32,380.463,0.947174,248.114,152.465,187.885,NA,132.957,15.3859,192.887,36.1331,154.699,193.74,546.944,161.811,10.5886,2.57452,8.20257,128.299,0.921292,223.524,12.5093,218.382,NA,0.933536,126.277,43.507,NA,NA,NA,21.2863,NA,27.224,NA,60.5635,0.491058,24.1076,25.8527,9.01028,13.9371,158.312,215.361,250.012,1.68069,3.45155,152.532,125.51,NA,NA,57.2098,230.239,181.565,219.546,15.4249,238.885,528.719,34.1147,76.9267,9.2433,233.066,317.843,18.5122,NA,321.567,44.3531,263.967,0.982041,1.24951,NA,1.39329,45.0366,57.9697,229.104,279.268,27.061,3.40006,339.116,379.885,417.217,279.607,73.6682,116.588,NA,NA,1.67261,NA
0.212537,43.7213,0.199663,0.766526,288.399,117.388,211.79,22.6931,12.5204,NA,315.593,4.95348,NA,28.8205,NA,189.833,NA,223.74,90.4483,478.987,42.8846,192.574,240.185,281.085,182.581,376.936,NA,189.285,296.071,376.936,199.811,44.8117,150.716,28.9019,291.374,219.05,277.273,59.9802,152.378,NA,125.584,121.913,40.015,31.1179,75.7926,80.7909,393.826,83.3427,64.6969,90.4135,182.828,117.388,513.747,302.092,79.7862,70.1026,26.1979,NA,81.5066,79.629,1.34524,299.493,6.63958,NA,0.164019,278.02,48.8431,189.452,NA,NA,NA,1.78526,NA,NA,NA,NA,30.6896,1.17369,0.214344,93.8051,NA,NA,610.464,231.986,232.025,136.467,249.644,162.992,1.33814,0.503557,17.8928,17.8928,194.401,1.44082,345.329,NA,0.821965,NA,NA,52.1754,343.635,94.2797,249.424,237.19,237.19,84.734,239.101,258.255,239.101,237.19,1.35629,176.843,367.459,NA,178.545,7.86381,25.1256,NA,215.309,264.469,298.827,2.52544,6.02056,273.556,31.569,10.8031,411.331,32.8082,NA,173.631,325.455,68.4441,NA,NA,NA,62.1916,350.61,63.9842,492.735,174.846,152.378,NA,187.474,NA,314.402,316.409,261.189,264.936,NA,1.40538,286.99,108.221,248.278,62.8555,103.438,332.474,NA,226.939,54.1984,151.655,NA,102.244,1.2635,148.626,80.9677,71.8853,106.868,189.21,177.626,1.01887,0.844341,0.768172,81.7393,NA,178.341,2.93204,168.9,NA,2.03844,125.213,97.4193,NA,4.07639,NA,23.3813,NA,47.3326,NA,49.1477,1.22872,NA,NA,2.96402,22.8207,110.074,170.892,251.024,NA,3.73147,53.9707,174.791,NA,1.22913,45.9623,212.091,115.276,168.213,NA,217.164,398.956,47.7851,160.769,NA,246.116,291.567,3.08315,NA,297.785,73.2815,280.576,0.178093,1.83976,NA,2.69602,100.379,92.3388,287.656,262.25,30.5266,0.531985,513.771,338.984,363.132,286.862,96.749,2.17666,NA,NA,NA,NA
NA,56.3836,NA,1.04818,290.303,198.936,235.615,24.4482,3.76258,4.53172,325.673,2.69441,1.20513,30.5508,NA,188.186,NA,194.728,95.8401,470.863,26.3559,192.453,249.66,276.004,218.574,447.914,NA,231.104,283.052,447.914,222.395,95.0933,207.07,30.9044,304.651,160.32,302.91,113.961,158.021,NA,232.903,76.4078,50.1364,58.7444,80.6241,70.8586,392.385,90.5233,92.3942,93.5296,214.835,198.936,506.235,335.309,82.8648,59.5982,30.8022,NA,155.523,50.9637,1.94429,348.361,21.0566,3.8063,3.30701,292.345,66.1235,187.309,NA,2.31416,3.40935,110.305,4.77353,7.56364,NA,3.51475,39.5131,1.13889,1.63728,169.604,NA,NA,610.866,232.434,241.892,155.386,192.24,155.253,1.93521,5.141,5.576,5.576,198.16,0.612715,365.755,0.0180991,0.129305,10.0738,2.65283,42.2704,384.913,93.278,244.207,235.048,235.048,99.7895,232.016,245.656,232.016,235.048,3.76306,152.572,420.355,2.07029,193.914,3.86461,27.1647,0.0180991,209.893,283.203,330.993,19.1851,30.3911,303.385,46.4796,15.3665,443.671,37.9935,5.17485,181.897,294.334,136.798,1.59587,6.78317,6.01661,36.4767,420.653,36.8015,506.342,172.748,158.021,NA,153.607,NA,314.932,342.436,249.275,309.234,1.95087,1.36421,304.198,108.569,364.807,76.1646,103.46,367.524,3.88515,261.877,124.425,156.642,0.884364,116.591,7.17887,168.083,66.4955,139.956,177.655,313.876,206.611,NA,1.22253,NA,92.2728,NA,180.193,0.488876,181.475,2.41722,NA,168.347,89.5847,3.21728,3.14003,2.95449,44.2783,NA,52.7603,17.6882,59.0184,0.225478,6.89866,6.1952,16.1717,28.4461,90.1313,187.358,261.848,0.630895,26.5154,83.5054,110.076,NA,5.50002,99.4694,222.241,114.473,191.764,3.58055,244.303,462.936,41.1691,137.783,NA,279.847,315.51,7.44943,NA,324.165,39.7492,284.113,0.388977,NA,3.11968,NA,92.3948,52.4477,268.047,276.734,35.9607,2.43537,506.842,364.21,403.924,276.906,79.957,127.031,NA,NA,2.65283,0.719664
0.396858,42.975,NA,10.3174,287.657,240.32,252.657,30.1323,43.3254,1.5859,269.077,5.18977,24.6182,46.2301,NA,172.158,NA,142.431,79.4128,426.631,11.7778,177.854,265.658,294.41,127.646,457.478,0.768776,219.741,328.42,457.478,222.308,134.693,164.527,46.7548,303.809,190.311,336.435,79.017,163.423,2.67522,55.2528,29.9565,55.6789,70.0145,3.4739,89.7313,445.851,103.829,50.5034,82.9261,170.81,240.32,584.991,343.951,84.3757,25.6144,1.38013,8.9214,101.331,83.718,2.72573,306.528,19.2511,1.14726,6.47731,294.253,57.3027,172.658,0.715425,3.7157,NA,27.1461,1.25526,9.16529,NA,36.8813,26.9888,41.859,2.59253,1.38611,0.225603,NA,584.305,158.21,233.58,43.521,92.3438,183.283,2.59566,9.23809,58.6417,58.6417,224.877,0.294583,382.569,0.133817,9.59713,NA,5.09552,61.4177,367.251,83.3365,242.45,233.8,233.8,58.923,228.861,241.512,228.861,233.8,5.55268,189.445,378.171,7.43998,164.199,53.9907,61.8154,0.133817,85.9905,287.116,309.354,45.0578,29.5958,259.143,33.8247,27.9141,380.406,NA,0.659298,214.176,292.043,29.1429,NA,23.1434,2.11116,36.7785,379.105,37.3179,433.911,160.142,163.423,9.06822,205.069,NA,381.06,309.773,230.351,201.023,0.484097,46.3057,265.681,82.2315,295.327,87.1117,80.4411,347.888,84.9732,222.758,20.8811,141.012,4.93368,40.1706,7.60958,134.349,65.5485,31.7076,90.4412,201.781,215.597,0.9262,1.72051,0.697437,93.2659,0.394328,180.681,2.84951,154.354,8.53116,NA,155.452,131.327,4.0242,29.1232,28.1544,52.7039,NA,62.5836,40.5503,36.2431,NA,54.9667,59.3639,21.9885,36.3893,98.8236,153.124,259.672,1.31579,60.3459,56.3627,52.6725,NA,4.44471,133.133,217.022,86.276,149.189,38.653,203.032,348.615,56.5491,165.573,27.9141,267.903,273.199,12.8228,NA,288.881,24.3973,311.547,0.389462,NA,11.2852,NA,134.647,32.8429,263.735,261.02,102.956,3.28001,461.42,369.689,394.283,258.822,19.7183,113.226,10.0507,NA,5.09552,NA
NA,61.3686,NA,NA,326.179,205.893,298.555,NA,147.818,NA,263.006,NA,NA,53.2428,NA,176.551,NA,88.5894,144.663,387.388,23.1083,29.6048,290.894,257.675,NA,328.46,NA,99.2202,291.875,328.46,8.42096,61.9778,119.028,54.5213,197.132,98.6698,384.85,353.135,212.714,NA,219.863,68.2888,NA,26.2739,18.3539,NA,NA,NA,28.9719,84.1632,149.381,205.893,441.756,349.711,159.798,NA,NA,11.7264,279.148,214.634,NA,328.212,23.0156,NA,13.1111,307.424,193.152,187.374,NA,NA,NA,0.510832,NA,12.8807,NA,208.311,NA,NA,NA,NA,NA,NA,481.994,218.041,128.286,48.6634,180.19,12.2499,NA,14.048,191.063,191.063,NA,0.39641,399.877,2.1907,NA,NA,NA,NA,303.514,NA,240.771,234.287,234.287,60.4444,226.855,236.089,226.855,234.287,9.1209,56.1805,336.081,NA,NA,169.097,172.397,2.1907,219.943,54.7672,96.3779,178.477,14.2837,403.274,NA,NA,NA,NA,NA,13.3463,262.927,1.04504,1.07754,51.877,NA,NA,138.327,NA,333.648,20.5031,212.714,NA,83.2833,NA,283.435,357.573,158.638,228.106,NA,NA,NA,NA,715.354,NA,31.3545,284.596,NA,256.761,0.698101,145.631,NA,124.312,NA,NA,14.3275,1.16071,200.999,667.837,77.7541,NA,NA,NA,157.624,NA,201.522,NA,369.904,12.9398,NA,NA,212.437,6.03852,153.045,31.4074,NA,NA,NA,29.9574,NA,NA,NA,NA,NA,NA,126.736,238.832,158.217,NA,81.4359,174.597,36.4909,NA,6.55606,NA,154.744,36.9012,97.7172,NA,236.341,302.958,NA,NA,NA,237.358,299.817,NA,NA,288.429,67.9749,193.174,NA,NA,17.0171,NA,162.074,85.2217,238.629,264.638,137.05,NA,NA,371.492,384.517,190.729,68.7899,NA,NA,NA,NA,NA
NA,23.4164,NA,1.5134,318.353,NA,319.433,NA,281.05,NA,363.288,NA,NA,NA,2.21607,320.099,NA,12.1922,241.954,512.095,NA,11.6229,322.02,331.313,NA,415.116,NA,NA,380.034,415.116,NA,NA,229.024,NA,284.9,356.112,402.469,192.521,220.775,NA,246.187,50.8968,NA,NA,32.5611,NA,NA,NA,225.065,290.363,28.7156,NA,338.755,NA,434.392,NA,0.623713,NA,196.612,NA,NA,350.704,37.4522,NA,NA,351.991,310.369,324.114,NA,NA,NA,464.779,NA,28.5887,1.9549,NA,NA,NA,0.499465,NA,NA,NA,534.541,473.014,270.025,5.17565,146.834,NA,NA,1.2972,323.465,323.465,NA,NA,457.336,NA,NA,NA,NA,267.698,485.653,NA,281.891,278.632,278.632,251.987,286.339,291.535,286.339,278.632,NA,1.74288,NA,NA,NA,177.022,359.473,NA,54.224,NA,NA,0.976844,NA,379.667,NA,NA,NA,1.57184,NA,1.0618,1.55199,207.242,7.62963,NA,NA,NA,0.45018,NA,350.714,7.8252,220.775,NA,NA,NA,306.904,330.976,296.81,NA,NA,NA,456.021,NA,820.203,NA,337.362,370.595,NA,350.647,194.704,273.125,NA,176.345,1.54958,285.321,NA,213.757,254.541,NA,NA,NA,NA,NA,258.851,NA,299.392,NA,363.832,NA,NA,NA,NA,NA,2.57239,NA,NA,NA,NA,NA,NA,NA,NA,NA,NA,NA,329.315,238.84,280.732,NA,NA,265.599,55.4314,NA,NA,NA,271.175,339.856,275.356,NA,311.253,565.5,NA,NA,NA,137.199,375.813,NA,NA,378.456,NA,404.968,NA,NA,NA,NA,NA,NA,53.7024,361.99,NA,4.17829,NA,494.321,567.374,307.53,0.724408,NA,NA,NA,NA,NA
NA,41.095,NA,0.175776,327.484,115.487,258.159,NA,100.631,NA,163.334,79.8983,NA,44.496,2.91477,197.863,6.69258,33.4676,169.501,342.851,5.03086,167.415,187.839,184.08,5.73223,191.911,NA,103.195,170.579,191.911,26.8666,26.742,196.671,46.8496,167.319,58.1792,252.058,193.116,112.788,NA,190.453,139.021,1.26465,142.958,2.42951,NA,276.001,NA,117.08,58.7549,56.7581,115.487,283.263,276.487,124.102,NA,0.39607,20.2551,221.822,135.474,2.06056,314.337,159.322,91.2249,12.8034,340.927,174.567,202.016,NA,1.69504,2.78576,3.93673,NA,14.9243,186.094,139.802,NA,105.58,120.742,91.965,39.4301,73.0642,360.186,250.135,105.984,45.0562,255.115,13.8848,1.99259,85.5458,128.893,128.893,NA,36.9779,300.822,0.423311,NA,18.0386,NA,NA,365.505,NA,220.27,220.27,220.27,123.286,229.158,229.158,229.158,220.27,14.3389,148.997,378.399,NA,NA,106.251,137.473,0.423311,98.9968,61.9238,109.145,136.426,35.5257,307.25,NA,NA,NA,NA,NA,81.8519,157.937,197.085,34.6891,36.8283,NA,NA,196.276,NA,292.791,136.201,112.788,NA,74.8196,NA,244.632,278.63,212.55,296.633,NA,50.106,119.947,NA,440.335,NA,49.199,235.21,65.4645,266.764,198.733,143.053,NA,181.529,NA,1.59672,26.4091,219.689,244.066,365.751,34.1159,4.47482,1.29321,3.39842,144.228,21.2281,193.548,32.9371,81.6049,11.8101,NA,NA,96.7709,7.6801,175.852,31.4246,NA,NA,16.9708,14.8277,NA,47.2505,102.406,112.365,NA,NA,169.002,247.367,136.159,0.687244,27.655,242.677,144.474,1.89376,10.4318,NA,114.707,57.1449,104.55,80.8833,249.415,255.281,NA,NA,NA,278.803,249.039,NA,NA,227.095,118.952,210.003,44.2351,NA,15.3405,NA,88.193,132.226,219.879,211.023,188.133,1.67354,NA,283.403,318.328,227.344,40.4832,90.7439,NA,NA,NA,NA
NA,58.4351,NA,3.36024,292.389,163.105,416.954,1.04499,154.198,NA,262.626,17.0873,NA,49.7189,NA,161.032,NA,8.35105,142,331.438,NA,34.4407,263.999,232.187,9.8724,291.821,5.81928,15.7913,262.49,291.821,10.7629,41.046,154.706,50.7969,200.687,90.0122,329.794,369.983,216.878,19.3492,201.678,9.95339,2.86221,26.9684,3.04228,NA,230.627,NA,82.5996,64.8082,11.9052,163.105,394.493,289.262,118.523,NA,0.280987,3.26219,274.406,221.266,1.1253,284.547,27.6214,9.10358,1.55429,317.687,243.956,171.744,NA,NA,NA,14.9205,NA,8.8225,20.0994,164.556,NA,169.756,11.6771,6.53671,NA,5.31588,371.832,209.495,173.228,5.40813,34.2069,4.35662,1.11611,5.95652,195.664,195.664,17.2324,10.6262,353.876,3.21542,2.97786,2.06247,0.407458,1.54728,338.933,4.5751,173.824,172.258,172.258,56.3172,206.707,210.28,206.707,172.258,0.884827,152.229,233.688,NA,33.0034,176.773,191.548,3.21542,5.90048,20.9745,39.9242,196.131,9.58509,394.967,NA,NA,42.2078,NA,NA,7.6856,169.276,12.1062,13.6918,76.5491,NA,17.0752,31.8105,13.9335,279.609,24.155,216.878,1.24223,118.304,1.59133,255.243,283.898,168.235,193.472,NA,94.0318,21.5853,1.0366,646.437,NA,40.9094,254.756,17.4707,225.816,7.16386,126.629,NA,8.20976,3.40897,6.69219,14.3063,11.6283,186,546.506,11.7501,NA,0.706773,NA,190.464,NA,186.653,4.00693,13.4125,NA,NA,5.15294,110.923,0.399296,129.863,53.1347,2.74338,NA,NA,24.4005,NA,8.08573,8.88996,12.1836,NA,0.680955,155.618,209.022,163.418,NA,32.2555,185.201,20.3354,0.238551,0.621499,NA,183.354,47.4137,109.794,7.12338,210.127,301.121,0.882966,8.22282,1.5884,81.4883,303.414,NA,NA,246.233,14.3069,211.562,4.34394,NA,NA,NA,75.6527,19.3883,205.15,261.539,104.089,1.46949,20.822,316.777,324.504,188.439,10.6595,102.419,1.39611,NA,0.407458,25.0813
NA,189.185,NA,NA,271.881,0.960608,350.276,NA,168.606,NA,270.024,NA,NA,NA,NA,285.081,NA,293.612,221.485,404.318,NA,17.1368,286.392,265.783,0.363851,238.001,NA,9.19956,228.002,238.001,0.325565,2.7654,262.459,NA,261.823,125.58,334.09,213.999,122.887,NA,202.389,109.207,NA,215.628,2.03266,NA,217.499,NA,145.831,213.477,274.363,0.960608,262.869,424.736,180.839,NA,1.15796,7.26855,253.162,74.7541,NA,328.657,0.720221,NA,5.44837,247.449,254.046,276.783,NA,NA,NA,2.53641,NA,7.6463,NA,NA,NA,191.745,NA,NA,NA,NA,419.681,376.095,212.125,20.2502,253.401,8.11676,NA,7.59316,201.32,201.32,0.533704,1.11214,350.574,NA,NA,NA,NA,NA,388.757,0.352567,243.518,33.6596,33.6596,196.16,23.4096,231.834,23.4096,33.6596,4.91927,2.04238,288.793,0.371085,NA,190.027,217.732,NA,86.0324,37.4569,68.5437,230.758,56.9104,269.586,NA,NA,3.01432,NA,NA,4.18793,232.376,252.605,2.71466,0.379873,NA,1.64817,182.106,1.1023,298.833,11.7166,122.887,NA,240.302,NA,217.369,296.636,194.377,243.935,NA,113.203,325.412,NA,765.243,NA,203.128,295.741,311.585,269.074,316.483,225.18,NA,231.095,NA,NA,36.9073,248.325,278.589,713.686,3.27003,193.471,NA,322.725,268.736,NA,300.025,NA,102.904,5.02077,NA,NA,0.745955,2.68735,143.955,NA,NA,NA,NA,NA,NA,0.479045,NA,NA,NA,NA,334.948,195.266,241.316,0.385076,167.901,184.599,119.917,0.309738,3.50346,NA,195.339,221.209,262.755,NA,252.675,486.928,NA,0.352567,NA,192.188,245.125,NA,NA,314.183,48.6608,1.05909,NA,NA,6.45991,NA,0.780932,62.5882,233.842,225.735,320.436,NA,1.37699,358.403,428.843,207.949,40.9505,242.981,NA,NA,NA,1.91493
